[{"model": "contenttypes.contenttype", "pk": 1, "fields": {"app_label": "admin", "model": "logentry"}}, {"model": "contenttypes.contenttype", "pk": 2, "fields": {"app_label": "auth", "model": "permission"}}, {"model": "contenttypes.contenttype", "pk": 3, "fields": {"app_label": "auth", "model": "group"}}, {"model": "contenttypes.contenttype", "pk": 4, "fields": {"app_label": "auth", "model": "user"}}, {"model": "contenttypes.contenttype", "pk": 5, "fields": {"app_label": "contenttypes", "model": "contenttype"}}, {"model": "contenttypes.contenttype", "pk": 6, "fields": {"app_label": "sessions", "model": "session"}}, {"model": "contenttypes.contenttype", "pk": 7, "fields": {"app_label": "accounts", "model": "answer"}}, {"model": "contenttypes.contenttype", "pk": 8, "fields": {"app_label": "accounts", "model": "badge"}}, {"model": "contenttypes.contenttype", "pk": 9, "fields": {"app_label": "accounts", "model": "question"}}, {"model": "contenttypes.contenttype", "pk": 10, "fields": {"app_label": "accounts", "model": "quiz"}}, {"model": "contenttypes.contenttype", "pk": 11, "fields": {"app_label": "accounts", "model": "student"}}, {"model": "contenttypes.contenttype", "pk": 12, "fields": {"app_label": "accounts", "model": "studentanswer"}}, {"model": "contenttypes.contenttype", "pk": 13, "fields": {"app_label": "accounts", "model": "tag"}}, {"model": "contenttypes.contenttype", "pk": 14, "fields": {"app_label": "accounts", "model": "takenbadge"}}, {"model": "contenttypes.contenttype", "pk": 15, "fields": {"app_label": "accounts", "model": "takenquiz"}}, {"model": "contenttypes.contenttype", "pk": 16, "fields": {"app_label": "course", "model": "content"}}, {"model": "contenttypes.contenttype", "pk": 17, "fields": {"app_label": "course", "model": "subject"}}, {"model": "contenttypes.contenttype", "pk": 18, "fields": {"app_label": "course", "model": "course"}}, {"model": "contenttypes.contenttype", "pk": 19, "fields": {"app_label": "course", "model": "module"}}, {"model": "contenttypes.contenttype", "pk": 20, "fields": {"app_label": "course", "model": "contentnote"}}, {"model": "contenttypes.contenttype", "pk": 21, "fields": {"app_label": "course", "model": "takencourse"}}, {"model": "contenttypes.contenttype", "pk": 22, "fields": {"app_label": "course", "model": "takenmodule"}}, {"model": "contenttypes.contenttype", "pk": 23, "fields": {"app_label": "course", "model": "takencontent"}}, {"model": "contenttypes.contenttype", "pk": 24, "fields": {"app_label": "social_django", "model": "association"}}, {"model": "contenttypes.contenttype", "pk": 25, "fields": {"app_label": "social_django", "model": "code"}}, {"model": "contenttypes.contenttype", "pk": 26, "fields": {"app_label": "social_django", "model": "nonce"}}, {"model": "contenttypes.contenttype", "pk": 27, "fields": {"app_label": "social_django", "model": "usersocialauth"}}, {"model": "contenttypes.contenttype", "pk": 28, "fields": {"app_label": "social_django", "model": "partial"}}, {"model": "contenttypes.contenttype", "pk": 29, "fields": {"app_label": "course", "model": "completedmodule"}}, {"model": "contenttypes.contenttype", "pk": 30, "fields": {"app_label": "sites", "model": "site"}}, {"model": "contenttypes.contenttype", "pk": 31, "fields": {"app_label": "account", "model": "emailaddress"}}, {"model": "contenttypes.contenttype", "pk": 32, "fields": {"app_label": "account", "model": "emailconfirmation"}}, {"model": "contenttypes.contenttype", "pk": 33, "fields": {"app_label": "socialaccount", "model": "socialaccount"}}, {"model": "contenttypes.contenttype", "pk": 34, "fields": {"app_label": "socialaccount", "model": "socialapp"}}, {"model": "contenttypes.contenttype", "pk": 35, "fields": {"app_label": "socialaccount", "model": "socialtoken"}}, {"model": "contenttypes.contenttype", "pk": 36, "fields": {"app_label": "accounts", "model": "completedstage"}}, {"model": "contenttypes.contenttype", "pk": 37, "fields": {"app_label": "accounts", "model": "level"}}, {"model": "contenttypes.contenttype", "pk": 38, "fields": {"app_label": "accounts", "model": "stage"}}, {"model": "contenttypes.contenttype", "pk": 39, "fields": {"app_label": "accounts", "model": "laststudentanswer"}}, {"model": "contenttypes.contenttype", "pk": 40, "fields": {"app_label": "accounts", "model": "stagelevel"}}, {"model": "contenttypes.contenttype", "pk": 41, "fields": {"app_label": "accounts", "model": "studentlevel"}}, {"model": "contenttypes.contenttype", "pk": 42, "fields": {"app_label": "background_task", "model": "completedtask"}}, {"model": "contenttypes.contenttype", "pk": 43, "fields": {"app_label": "background_task", "model": "task"}}, {"model": "contenttypes.contenttype", "pk": 44, "fields": {"app_label": "djutils", "model": "queuemessage"}}, {"model": "contenttypes.contenttype", "pk": 45, "fields": {"app_label": "django_q", "model": "schedule"}}, {"model": "contenttypes.contenttype", "pk": 46, "fields": {"app_label": "django_q", "model": "task"}}, {"model": "contenttypes.contenttype", "pk": 47, "fields": {"app_label": "django_q", "model": "ormq"}}, {"model": "contenttypes.contenttype", "pk": 48, "fields": {"app_label": "django_q", "model": "failure"}}, {"model": "contenttypes.contenttype", "pk": 49, "fields": {"app_label": "django_q", "model": "success"}}, {"model": "sessions.session", "pk": "1j2prvuc8idotnsdzkufsz4e1byefelv", "fields": {"session_data": "ZWQ3MTI0NWQ3N2I5N2QxNDlkMDc1NDRmMGYzZmVjMDk1MmQ5MmU4NDp7Il9hdXRoX3VzZXJfaWQiOiIxIiwiX2F1dGhfdXNlcl9iYWNrZW5kIjoiZGphbmdvLmNvbnRyaWIuYXV0aC5iYWNrZW5kcy5Nb2RlbEJhY2tlbmQiLCJfYXV0aF91c2VyX2hhc2giOiI1YzgzZjc0Mzc3ZWZlNzA5NTAyOWU4ZmYyMGU0NzEyNDEyNTA0OWIxIn0=", "expire_date": "2019-03-12T20:53:27.118Z"}}, {"model": "sessions.session", "pk": "gz9lyvs6cc9tpkznz5w7y7jrsato88v6", "fields": {"session_data": "Yzg4MjlhOWQwNzZjZmZmODg2MDlmN2UwMDRkYTk2MDQ1NjZkMWU5Njp7Il9hdXRoX3VzZXJfaWQiOiI4MCIsIl9hdXRoX3VzZXJfYmFja2VuZCI6ImRqYW5nby5jb250cmliLmF1dGguYmFja2VuZHMuTW9kZWxCYWNrZW5kIiwiX2F1dGhfdXNlcl9oYXNoIjoiNmVmZDZhZmJmNGFmNTg3YWM0NWM1Yjg2ZjJkMDcxMjA0NmNmM2VmNyJ9", "expire_date": "2019-03-09T20:17:28.074Z"}}, {"model": "sessions.session", "pk": "nugtbe8qqwp51xc5ngd2z5fnv8by6dtg", "fields": {"session_data": "ZWQ3MTI0NWQ3N2I5N2QxNDlkMDc1NDRmMGYzZmVjMDk1MmQ5MmU4NDp7Il9hdXRoX3VzZXJfaWQiOiIxIiwiX2F1dGhfdXNlcl9iYWNrZW5kIjoiZGphbmdvLmNvbnRyaWIuYXV0aC5iYWNrZW5kcy5Nb2RlbEJhY2tlbmQiLCJfYXV0aF91c2VyX2hhc2giOiI1YzgzZjc0Mzc3ZWZlNzA5NTAyOWU4ZmYyMGU0NzEyNDEyNTA0OWIxIn0=", "expire_date": "2019-03-05T19:39:56.193Z"}}, {"model": "sessions.session", "pk": "tfkv1jqikskyt8bye6cnrdydu13cdd1a", "fields": {"session_data": "ZWQ3MTI0NWQ3N2I5N2QxNDlkMDc1NDRmMGYzZmVjMDk1MmQ5MmU4NDp7Il9hdXRoX3VzZXJfaWQiOiIxIiwiX2F1dGhfdXNlcl9iYWNrZW5kIjoiZGphbmdvLmNvbnRyaWIuYXV0aC5iYWNrZW5kcy5Nb2RlbEJhY2tlbmQiLCJfYXV0aF91c2VyX2hhc2giOiI1YzgzZjc0Mzc3ZWZlNzA5NTAyOWU4ZmYyMGU0NzEyNDEyNTA0OWIxIn0=", "expire_date": "2019-03-04T12:44:58.956Z"}}, {"model": "accounts.tag", "pk": 1, "fields": {"name": "design", "color": "#f01919"}}, {"model": "accounts.tag", "pk": 2, "fields": {"name": "Maths", "color": "#007bff"}}, {"model": "accounts.tag", "pk": 3, "fields": {"name": "web developement", "color": "#4fff00"}}, {"model": "accounts.tag", "pk": 4, "fields": {"name": "Programming language", "color": "#d4f900"}}, {"model": "accounts.tag", "pk": 5, "fields": {"name": "oiuyo_u\u00e7ou", "color": "#3fb066"}}, {"model": "accounts.quiz", "pk": 1, "fields": {"name": "HTML", "tags": 3, "point": 1, "approved": true, "verified": true}}, {"model": "accounts.quiz", "pk": 2, "fields": {"name": "C++", "tags": 4, "point": 6, "approved": true, "verified": true}}, {"model": "accounts.stagelevel", "pk": 1, "fields": {"text": 1, "color": "#19e0dd", "required_exp": 1}}, {"model": "accounts.stagelevel", "pk": 2, "fields": {"text": 2, "color": "#00ff24", "required_exp": 1}}, {"model": "accounts.stagelevel", "pk": 3, "fields": {"text": 3, "color": "#d2ff00", "required_exp": 1}}, {"model": "accounts.stagelevel", "pk": 4, "fields": {"text": 4, "color": "#ff6c00", "required_exp": 1}}, {"model": "accounts.stagelevel", "pk": 5, "fields": {"text": 5, "color": "#ff0000", "required_exp": 1}}, {"model": "accounts.stage", "pk": 1, "fields": {"name": "HTML - 1", "quiz": 1, "level": 1, "approved": true, "verified": true}}, {"model": "accounts.stage", "pk": 2, "fields": {"name": "HTML - 2", "quiz": 1, "level": 2, "approved": true, "verified": true}}, {"model": "accounts.stage", "pk": 3, "fields": {"name": "HTML - 3", "quiz": 1, "level": 3, "approved": true, "verified": true}}, {"model": "accounts.stage", "pk": 4, "fields": {"name": "C++ - 1", "quiz": 2, "level": 1, "approved": true, "verified": true}}, {"model": "accounts.stage", "pk": 5, "fields": {"name": "C++ - 2", "quiz": 2, "level": 2, "approved": true, "verified": true}}, {"model": "accounts.stage", "pk": 6, "fields": {"name": "C++ -3", "quiz": 2, "level": 3, "approved": true, "verified": true}}, {"model": "accounts.question", "pk": 1, "fields": {"stage": 1, "text": "Who is making the Web Standards?", "point": 1, "approved": true, "verified": true}}, {"model": "accounts.question", "pk": 2, "fields": {"stage": 5, "text": "C++ does not supports the following", "point": 1, "approved": true, "verified": true}}, {"model": "accounts.answer", "pk": 13, "fields": {"question": 1, "text": "true", "is_correct": true}}, {"model": "accounts.answer", "pk": 14, "fields": {"question": 1, "text": "FALSE", "is_correct": false}}, {"model": "accounts.answer", "pk": 15, "fields": {"question": 2, "text": "Multilevel inheritance", "is_correct": false}}, {"model": "accounts.answer", "pk": 16, "fields": {"question": 2, "text": "Hierarchical inheritance", "is_correct": false}}, {"model": "accounts.answer", "pk": 17, "fields": {"question": 2, "text": "Hybrid inheritance", "is_correct": true}}, {"model": "accounts.answer", "pk": 18, "fields": {"question": 2, "text": "None of the above", "is_correct": true}}, {"model": "accounts.badge", "pk": 1, "fields": {"name": "HTML", "description": "obtain this badge when you finish the html quiz", "point_required": 1.0, "logo": ""}}, {"model": "accounts.studentanswer", "pk": 2, "fields": {"student": 1, "stage": 1, "question": 1}}, {"model": "accounts.studentanswer", "pk": 3, "fields": {"student": 1, "stage": 5, "question": 2}}, {"model": "accounts.laststudentanswer", "pk": 1, "fields": {"student": 1, "stage": 1, "question": 1, "result": true, "date": "2019-02-24T22:40:05.535Z", "last_entr": "2019-02-26T12:54:23.761Z"}}, {"model": "accounts.laststudentanswer", "pk": 2, "fields": {"student": 1, "stage": 5, "question": 2, "result": true, "date": "2019-02-26T14:13:07.280Z", "last_entr": "2019-02-26T14:13:07.280Z"}}, {"model": "accounts.takenquiz", "pk": 8, "fields": {"student": 1, "quiz": 1, "date": "2019-02-26T14:26:00.488Z", "last_entr": "2019-02-27T15:48:20.344Z"}}, {"model": "accounts.takenquiz", "pk": 9, "fields": {"student": 1, "quiz": 2, "date": "2019-02-26T14:26:05.061Z", "last_entr": "2019-02-27T15:47:46.844Z"}}, {"model": "accounts.takenquiz", "pk": 10, "fields": {"student": 110, "quiz": 2, "date": "2019-02-26T14:40:42.112Z", "last_entr": "2019-02-26T14:40:42.112Z"}}, {"model": "accounts.completedstage", "pk": 1, "fields": {"student": 1, "quiz": 1, "stage": 1, "score": 1.0, "date": "2019-02-26T12:52:50.233Z", "last_entr": "2019-02-26T12:52:50.233Z"}}, {"model": "accounts.completedstage", "pk": 2, "fields": {"student": 1, "quiz": 2, "stage": 5, "score": 1.0, "date": "2019-02-26T14:13:12.327Z", "last_entr": "2019-02-26T14:13:12.327Z"}}, {"model": "course.subject", "pk": 1, "fields": {"title": "history", "slug": "histroy-subject", "description": "This course covers the ancient, medieval, and early modern periods, and looks at the evolution and development of Civilization", "photo": "subject_photos/Screenshot_from_2019-01-30_22-44-58.png", "approved": true, "color": "#007bff", "verified": false}}, {"model": "course.subject", "pk": 2, "fields": {"title": "Photography", "slug": "photography-subject", "description": "An advanced and basic study of digital editing and image correction as it applies to the needs of the graphics or photography student and professional. Students perform contrast and color correction on more difficult scanned images and digital photographs in an effort to gain aesthetic control of the image prior to final output.", "photo": "subject_photos/Screenshot_from_2019-01-31_16-03-02.png", "approved": true, "color": "#007bff", "verified": false}}, {"model": "course.module", "pk": 2, "fields": {"course": 1, "title": "Kingdom", "description": "The city of Rome grew from settlements around a ford on the river Tiber, a crossroads of traffic and trade.[14] According to archaeological evidence, the village of Rome was probably founded some time in the 8th century BC, though it may go back as far as the 10th century BC, by members of the Latin tribe of Italy, on the top of the Palatine Hill.[18][19]", "order": 1, "photo": "modules_photos/Screenshot_from_2019-02-09_00-50-56_vVzranS.png", "approved": true, "verified": false}}, {"model": "course.content", "pk": 1, "fields": {"module": 2, "title": "Etruscans,", "text": "The Etruscan civilization (/\u026a\u02c8tr\u028csk\u0259n/) is the modern name given to a powerful and wealthy civilization of ancient Italy in the area corresponding roughly to Tuscany, south of the Arno river, western Umbria, northern and central Lazio, [1] with offshoots also to the north in the Po Valley, in the current Emilia-Romagna, south-eastern Lombardy and southern Veneto, and to the south, in some areas of Campania. As distinguished by its unique language, this civilization endured from before the time of the earliest Etruscan inscriptions (c. 700 BC)[2] until its assimilation into the Roman Republic, beginning in the late 4th century BC with the Roman\u2013Etruscan Wars.[2]\r\n\r\nCulture that is identifiably Etruscan developed in Italy after about 900 BC, approximately with the Iron Age Villanovan culture, regarded as the oldest phase of Etruscan civilization.[3][4][5][6][7]\r\n\r\nThe latter gave way in the 7th century BC to a culture that was influenced by Ancient Greek culture, during the Archaic (Orientalizing period) and the Hellenistic period. At its maximum extent, during the foundational period of Rome and the Roman Kingdom, Etruscan civilization flourished in three confederacies of cities: of Etruria (Tuscany, Latium and Umbria), of the Po Valley with the eastern Alps, and of Campania.[8][9] The league in northern Italy is mentioned in Livy.[10][11][12] The decline was gradual, but by 500 BC the political destiny of Italy had passed out of Etruscan hands.[13] The last Etruscan cities were formally absorbed by Rome around 100 BC.\r\n\r\nAlthough the Etruscans developed a system of writing, the Etruscan language remains only partly understood, and only a handful of texts of any length survive, making modern understanding of their society and culture heavily dependent on much later and generally disapproving Roman and Greek sources. Politics was based on the small city and probably the family unit. In their heyday, the Etruscan elite grew very rich through trade with the Celtic world to the north and the Greeks to the south and filled their large family tombs with imported luxuries. Archaic Greece had a huge influence on their art and architecture, and Greek mythology was evidently very familiar to them.", "video": "https://www.youtube.com/embed/46ZXl-V4qwY", "file": "", "image": "content/image/Screenshot_from_2019-01-31_16-03-02_cilPeIh.png", "order": 1, "approved": true, "verified": false}}, {"model": "course.takencourse", "pk": 5, "fields": {"student": 1, "course": 2, "date": "2019-02-19T22:21:12.459Z"}}, {"model": "course.takencourse", "pk": 6, "fields": {"student": 1, "course": 1, "date": "2019-02-19T22:21:16.066Z"}}, {"model": "course.takenmodule", "pk": 2, "fields": {"student": 1, "module": 2, "date": "2019-02-19T22:21:17.570Z"}}, {"model": "course.takencontent", "pk": 2, "fields": {"student": 1, "content": 1, "date": "2019-02-19T22:21:18.972Z"}}, {"model": "auth.permission", "pk": 1, "fields": {"name": "Can add log entry", "content_type": 1, "codename": "add_logentry"}}, {"model": "auth.permission", "pk": 2, "fields": {"name": "Can change log entry", "content_type": 1, "codename": "change_logentry"}}, {"model": "auth.permission", "pk": 3, "fields": {"name": "Can delete log entry", "content_type": 1, "codename": "delete_logentry"}}, {"model": "auth.permission", "pk": 4, "fields": {"name": "Can view log entry", "content_type": 1, "codename": "view_logentry"}}, {"model": "auth.permission", "pk": 5, "fields": {"name": "Can add permission", "content_type": 2, "codename": "add_permission"}}, {"model": "auth.permission", "pk": 6, "fields": {"name": "Can change permission", "content_type": 2, "codename": "change_permission"}}, {"model": "auth.permission", "pk": 7, "fields": {"name": "Can delete permission", "content_type": 2, "codename": "delete_permission"}}, {"model": "auth.permission", "pk": 8, "fields": {"name": "Can view permission", "content_type": 2, "codename": "view_permission"}}, {"model": "auth.permission", "pk": 9, "fields": {"name": "Can add group", "content_type": 3, "codename": "add_group"}}, {"model": "auth.permission", "pk": 10, "fields": {"name": "Can change group", "content_type": 3, "codename": "change_group"}}, {"model": "auth.permission", "pk": 11, "fields": {"name": "Can delete group", "content_type": 3, "codename": "delete_group"}}, {"model": "auth.permission", "pk": 12, "fields": {"name": "Can view group", "content_type": 3, "codename": "view_group"}}, {"model": "auth.permission", "pk": 13, "fields": {"name": "Can add user", "content_type": 4, "codename": "add_user"}}, {"model": "auth.permission", "pk": 14, "fields": {"name": "Can change user", "content_type": 4, "codename": "change_user"}}, {"model": "auth.permission", "pk": 15, "fields": {"name": "Can delete user", "content_type": 4, "codename": "delete_user"}}, {"model": "auth.permission", "pk": 16, "fields": {"name": "Can view user", "content_type": 4, "codename": "view_user"}}, {"model": "auth.permission", "pk": 17, "fields": {"name": "Can add content type", "content_type": 5, "codename": "add_contenttype"}}, {"model": "auth.permission", "pk": 18, "fields": {"name": "Can change content type", "content_type": 5, "codename": "change_contenttype"}}, {"model": "auth.permission", "pk": 19, "fields": {"name": "Can delete content type", "content_type": 5, "codename": "delete_contenttype"}}, {"model": "auth.permission", "pk": 20, "fields": {"name": "Can view content type", "content_type": 5, "codename": "view_contenttype"}}, {"model": "auth.permission", "pk": 21, "fields": {"name": "Can add session", "content_type": 6, "codename": "add_session"}}, {"model": "auth.permission", "pk": 22, "fields": {"name": "Can change session", "content_type": 6, "codename": "change_session"}}, {"model": "auth.permission", "pk": 23, "fields": {"name": "Can delete session", "content_type": 6, "codename": "delete_session"}}, {"model": "auth.permission", "pk": 24, "fields": {"name": "Can view session", "content_type": 6, "codename": "view_session"}}, {"model": "auth.permission", "pk": 25, "fields": {"name": "Can add answer", "content_type": 7, "codename": "add_answer"}}, {"model": "auth.permission", "pk": 26, "fields": {"name": "Can change answer", "content_type": 7, "codename": "change_answer"}}, {"model": "auth.permission", "pk": 27, "fields": {"name": "Can delete answer", "content_type": 7, "codename": "delete_answer"}}, {"model": "auth.permission", "pk": 28, "fields": {"name": "Can view answer", "content_type": 7, "codename": "view_answer"}}, {"model": "auth.permission", "pk": 29, "fields": {"name": "Can add badge", "content_type": 8, "codename": "add_badge"}}, {"model": "auth.permission", "pk": 30, "fields": {"name": "Can change badge", "content_type": 8, "codename": "change_badge"}}, {"model": "auth.permission", "pk": 31, "fields": {"name": "Can delete badge", "content_type": 8, "codename": "delete_badge"}}, {"model": "auth.permission", "pk": 32, "fields": {"name": "Can view badge", "content_type": 8, "codename": "view_badge"}}, {"model": "auth.permission", "pk": 33, "fields": {"name": "Can add question", "content_type": 9, "codename": "add_question"}}, {"model": "auth.permission", "pk": 34, "fields": {"name": "Can change question", "content_type": 9, "codename": "change_question"}}, {"model": "auth.permission", "pk": 35, "fields": {"name": "Can delete question", "content_type": 9, "codename": "delete_question"}}, {"model": "auth.permission", "pk": 36, "fields": {"name": "Can view question", "content_type": 9, "codename": "view_question"}}, {"model": "auth.permission", "pk": 37, "fields": {"name": "Can add quiz", "content_type": 10, "codename": "add_quiz"}}, {"model": "auth.permission", "pk": 38, "fields": {"name": "Can change quiz", "content_type": 10, "codename": "change_quiz"}}, {"model": "auth.permission", "pk": 39, "fields": {"name": "Can delete quiz", "content_type": 10, "codename": "delete_quiz"}}, {"model": "auth.permission", "pk": 40, "fields": {"name": "Can view quiz", "content_type": 10, "codename": "view_quiz"}}, {"model": "auth.permission", "pk": 41, "fields": {"name": "Can add student", "content_type": 11, "codename": "add_student"}}, {"model": "auth.permission", "pk": 42, "fields": {"name": "Can change student", "content_type": 11, "codename": "change_student"}}, {"model": "auth.permission", "pk": 43, "fields": {"name": "Can delete student", "content_type": 11, "codename": "delete_student"}}, {"model": "auth.permission", "pk": 44, "fields": {"name": "Can view student", "content_type": 11, "codename": "view_student"}}, {"model": "auth.permission", "pk": 45, "fields": {"name": "Can add student answer", "content_type": 12, "codename": "add_studentanswer"}}, {"model": "auth.permission", "pk": 46, "fields": {"name": "Can change student answer", "content_type": 12, "codename": "change_studentanswer"}}, {"model": "auth.permission", "pk": 47, "fields": {"name": "Can delete student answer", "content_type": 12, "codename": "delete_studentanswer"}}, {"model": "auth.permission", "pk": 48, "fields": {"name": "Can view student answer", "content_type": 12, "codename": "view_studentanswer"}}, {"model": "auth.permission", "pk": 49, "fields": {"name": "Can add tag", "content_type": 13, "codename": "add_tag"}}, {"model": "auth.permission", "pk": 50, "fields": {"name": "Can change tag", "content_type": 13, "codename": "change_tag"}}, {"model": "auth.permission", "pk": 51, "fields": {"name": "Can delete tag", "content_type": 13, "codename": "delete_tag"}}, {"model": "auth.permission", "pk": 52, "fields": {"name": "Can view tag", "content_type": 13, "codename": "view_tag"}}, {"model": "auth.permission", "pk": 53, "fields": {"name": "Can add taken badge", "content_type": 14, "codename": "add_takenbadge"}}, {"model": "auth.permission", "pk": 54, "fields": {"name": "Can change taken badge", "content_type": 14, "codename": "change_takenbadge"}}, {"model": "auth.permission", "pk": 55, "fields": {"name": "Can delete taken badge", "content_type": 14, "codename": "delete_takenbadge"}}, {"model": "auth.permission", "pk": 56, "fields": {"name": "Can view taken badge", "content_type": 14, "codename": "view_takenbadge"}}, {"model": "auth.permission", "pk": 57, "fields": {"name": "Can add taken quiz", "content_type": 15, "codename": "add_takenquiz"}}, {"model": "auth.permission", "pk": 58, "fields": {"name": "Can change taken quiz", "content_type": 15, "codename": "change_takenquiz"}}, {"model": "auth.permission", "pk": 59, "fields": {"name": "Can delete taken quiz", "content_type": 15, "codename": "delete_takenquiz"}}, {"model": "auth.permission", "pk": 60, "fields": {"name": "Can view taken quiz", "content_type": 15, "codename": "view_takenquiz"}}, {"model": "auth.permission", "pk": 61, "fields": {"name": "Can add content", "content_type": 16, "codename": "add_content"}}, {"model": "auth.permission", "pk": 62, "fields": {"name": "Can change content", "content_type": 16, "codename": "change_content"}}, {"model": "auth.permission", "pk": 63, "fields": {"name": "Can delete content", "content_type": 16, "codename": "delete_content"}}, {"model": "auth.permission", "pk": 64, "fields": {"name": "Can view content", "content_type": 16, "codename": "view_content"}}, {"model": "auth.permission", "pk": 65, "fields": {"name": "Can add subject", "content_type": 17, "codename": "add_subject"}}, {"model": "auth.permission", "pk": 66, "fields": {"name": "Can change subject", "content_type": 17, "codename": "change_subject"}}, {"model": "auth.permission", "pk": 67, "fields": {"name": "Can delete subject", "content_type": 17, "codename": "delete_subject"}}, {"model": "auth.permission", "pk": 68, "fields": {"name": "Can view subject", "content_type": 17, "codename": "view_subject"}}, {"model": "auth.permission", "pk": 69, "fields": {"name": "Can add course", "content_type": 18, "codename": "add_course"}}, {"model": "auth.permission", "pk": 70, "fields": {"name": "Can change course", "content_type": 18, "codename": "change_course"}}, {"model": "auth.permission", "pk": 71, "fields": {"name": "Can delete course", "content_type": 18, "codename": "delete_course"}}, {"model": "auth.permission", "pk": 72, "fields": {"name": "Can view course", "content_type": 18, "codename": "view_course"}}, {"model": "auth.permission", "pk": 73, "fields": {"name": "Can add module", "content_type": 19, "codename": "add_module"}}, {"model": "auth.permission", "pk": 74, "fields": {"name": "Can change module", "content_type": 19, "codename": "change_module"}}, {"model": "auth.permission", "pk": 75, "fields": {"name": "Can delete module", "content_type": 19, "codename": "delete_module"}}, {"model": "auth.permission", "pk": 76, "fields": {"name": "Can view module", "content_type": 19, "codename": "view_module"}}, {"model": "auth.permission", "pk": 77, "fields": {"name": "Can add content note", "content_type": 20, "codename": "add_contentnote"}}, {"model": "auth.permission", "pk": 78, "fields": {"name": "Can change content note", "content_type": 20, "codename": "change_contentnote"}}, {"model": "auth.permission", "pk": 79, "fields": {"name": "Can delete content note", "content_type": 20, "codename": "delete_contentnote"}}, {"model": "auth.permission", "pk": 80, "fields": {"name": "Can view content note", "content_type": 20, "codename": "view_contentnote"}}, {"model": "auth.permission", "pk": 81, "fields": {"name": "Can add taken course", "content_type": 21, "codename": "add_takencourse"}}, {"model": "auth.permission", "pk": 82, "fields": {"name": "Can change taken course", "content_type": 21, "codename": "change_takencourse"}}, {"model": "auth.permission", "pk": 83, "fields": {"name": "Can delete taken course", "content_type": 21, "codename": "delete_takencourse"}}, {"model": "auth.permission", "pk": 84, "fields": {"name": "Can view taken course", "content_type": 21, "codename": "view_takencourse"}}, {"model": "auth.permission", "pk": 85, "fields": {"name": "Can add taken module", "content_type": 22, "codename": "add_takenmodule"}}, {"model": "auth.permission", "pk": 86, "fields": {"name": "Can change taken module", "content_type": 22, "codename": "change_takenmodule"}}, {"model": "auth.permission", "pk": 87, "fields": {"name": "Can delete taken module", "content_type": 22, "codename": "delete_takenmodule"}}, {"model": "auth.permission", "pk": 88, "fields": {"name": "Can view taken module", "content_type": 22, "codename": "view_takenmodule"}}, {"model": "auth.permission", "pk": 89, "fields": {"name": "Can add taken content", "content_type": 23, "codename": "add_takencontent"}}, {"model": "auth.permission", "pk": 90, "fields": {"name": "Can change taken content", "content_type": 23, "codename": "change_takencontent"}}, {"model": "auth.permission", "pk": 91, "fields": {"name": "Can delete taken content", "content_type": 23, "codename": "delete_takencontent"}}, {"model": "auth.permission", "pk": 92, "fields": {"name": "Can view taken content", "content_type": 23, "codename": "view_takencontent"}}, {"model": "auth.permission", "pk": 93, "fields": {"name": "Can add association", "content_type": 24, "codename": "add_association"}}, {"model": "auth.permission", "pk": 94, "fields": {"name": "Can change association", "content_type": 24, "codename": "change_association"}}, {"model": "auth.permission", "pk": 95, "fields": {"name": "Can delete association", "content_type": 24, "codename": "delete_association"}}, {"model": "auth.permission", "pk": 96, "fields": {"name": "Can view association", "content_type": 24, "codename": "view_association"}}, {"model": "auth.permission", "pk": 97, "fields": {"name": "Can add code", "content_type": 25, "codename": "add_code"}}, {"model": "auth.permission", "pk": 98, "fields": {"name": "Can change code", "content_type": 25, "codename": "change_code"}}, {"model": "auth.permission", "pk": 99, "fields": {"name": "Can delete code", "content_type": 25, "codename": "delete_code"}}, {"model": "auth.permission", "pk": 100, "fields": {"name": "Can view code", "content_type": 25, "codename": "view_code"}}, {"model": "auth.permission", "pk": 101, "fields": {"name": "Can add nonce", "content_type": 26, "codename": "add_nonce"}}, {"model": "auth.permission", "pk": 102, "fields": {"name": "Can change nonce", "content_type": 26, "codename": "change_nonce"}}, {"model": "auth.permission", "pk": 103, "fields": {"name": "Can delete nonce", "content_type": 26, "codename": "delete_nonce"}}, {"model": "auth.permission", "pk": 104, "fields": {"name": "Can view nonce", "content_type": 26, "codename": "view_nonce"}}, {"model": "auth.permission", "pk": 105, "fields": {"name": "Can add user social auth", "content_type": 27, "codename": "add_usersocialauth"}}, {"model": "auth.permission", "pk": 106, "fields": {"name": "Can change user social auth", "content_type": 27, "codename": "change_usersocialauth"}}, {"model": "auth.permission", "pk": 107, "fields": {"name": "Can delete user social auth", "content_type": 27, "codename": "delete_usersocialauth"}}, {"model": "auth.permission", "pk": 108, "fields": {"name": "Can view user social auth", "content_type": 27, "codename": "view_usersocialauth"}}, {"model": "auth.permission", "pk": 109, "fields": {"name": "Can add partial", "content_type": 28, "codename": "add_partial"}}, {"model": "auth.permission", "pk": 110, "fields": {"name": "Can change partial", "content_type": 28, "codename": "change_partial"}}, {"model": "auth.permission", "pk": 111, "fields": {"name": "Can delete partial", "content_type": 28, "codename": "delete_partial"}}, {"model": "auth.permission", "pk": 112, "fields": {"name": "Can view partial", "content_type": 28, "codename": "view_partial"}}, {"model": "auth.permission", "pk": 113, "fields": {"name": "Can add completed module", "content_type": 29, "codename": "add_completedmodule"}}, {"model": "auth.permission", "pk": 114, "fields": {"name": "Can change completed module", "content_type": 29, "codename": "change_completedmodule"}}, {"model": "auth.permission", "pk": 115, "fields": {"name": "Can delete completed module", "content_type": 29, "codename": "delete_completedmodule"}}, {"model": "auth.permission", "pk": 116, "fields": {"name": "Can view completed module", "content_type": 29, "codename": "view_completedmodule"}}, {"model": "auth.permission", "pk": 117, "fields": {"name": "Can add site", "content_type": 30, "codename": "add_site"}}, {"model": "auth.permission", "pk": 118, "fields": {"name": "Can change site", "content_type": 30, "codename": "change_site"}}, {"model": "auth.permission", "pk": 119, "fields": {"name": "Can delete site", "content_type": 30, "codename": "delete_site"}}, {"model": "auth.permission", "pk": 120, "fields": {"name": "Can view site", "content_type": 30, "codename": "view_site"}}, {"model": "auth.permission", "pk": 121, "fields": {"name": "Can add email address", "content_type": 31, "codename": "add_emailaddress"}}, {"model": "auth.permission", "pk": 122, "fields": {"name": "Can change email address", "content_type": 31, "codename": "change_emailaddress"}}, {"model": "auth.permission", "pk": 123, "fields": {"name": "Can delete email address", "content_type": 31, "codename": "delete_emailaddress"}}, {"model": "auth.permission", "pk": 124, "fields": {"name": "Can view email address", "content_type": 31, "codename": "view_emailaddress"}}, {"model": "auth.permission", "pk": 125, "fields": {"name": "Can add email confirmation", "content_type": 32, "codename": "add_emailconfirmation"}}, {"model": "auth.permission", "pk": 126, "fields": {"name": "Can change email confirmation", "content_type": 32, "codename": "change_emailconfirmation"}}, {"model": "auth.permission", "pk": 127, "fields": {"name": "Can delete email confirmation", "content_type": 32, "codename": "delete_emailconfirmation"}}, {"model": "auth.permission", "pk": 128, "fields": {"name": "Can view email confirmation", "content_type": 32, "codename": "view_emailconfirmation"}}, {"model": "auth.permission", "pk": 129, "fields": {"name": "Can add social account", "content_type": 33, "codename": "add_socialaccount"}}, {"model": "auth.permission", "pk": 130, "fields": {"name": "Can change social account", "content_type": 33, "codename": "change_socialaccount"}}, {"model": "auth.permission", "pk": 131, "fields": {"name": "Can delete social account", "content_type": 33, "codename": "delete_socialaccount"}}, {"model": "auth.permission", "pk": 132, "fields": {"name": "Can view social account", "content_type": 33, "codename": "view_socialaccount"}}, {"model": "auth.permission", "pk": 133, "fields": {"name": "Can add social application", "content_type": 34, "codename": "add_socialapp"}}, {"model": "auth.permission", "pk": 134, "fields": {"name": "Can change social application", "content_type": 34, "codename": "change_socialapp"}}, {"model": "auth.permission", "pk": 135, "fields": {"name": "Can delete social application", "content_type": 34, "codename": "delete_socialapp"}}, {"model": "auth.permission", "pk": 136, "fields": {"name": "Can view social application", "content_type": 34, "codename": "view_socialapp"}}, {"model": "auth.permission", "pk": 137, "fields": {"name": "Can add social application token", "content_type": 35, "codename": "add_socialtoken"}}, {"model": "auth.permission", "pk": 138, "fields": {"name": "Can change social application token", "content_type": 35, "codename": "change_socialtoken"}}, {"model": "auth.permission", "pk": 139, "fields": {"name": "Can delete social application token", "content_type": 35, "codename": "delete_socialtoken"}}, {"model": "auth.permission", "pk": 140, "fields": {"name": "Can view social application token", "content_type": 35, "codename": "view_socialtoken"}}, {"model": "auth.permission", "pk": 141, "fields": {"name": "Can add completed stage", "content_type": 36, "codename": "add_completedstage"}}, {"model": "auth.permission", "pk": 142, "fields": {"name": "Can change completed stage", "content_type": 36, "codename": "change_completedstage"}}, {"model": "auth.permission", "pk": 143, "fields": {"name": "Can delete completed stage", "content_type": 36, "codename": "delete_completedstage"}}, {"model": "auth.permission", "pk": 144, "fields": {"name": "Can view completed stage", "content_type": 36, "codename": "view_completedstage"}}, {"model": "auth.permission", "pk": 145, "fields": {"name": "Can add level", "content_type": 37, "codename": "add_level"}}, {"model": "auth.permission", "pk": 146, "fields": {"name": "Can change level", "content_type": 37, "codename": "change_level"}}, {"model": "auth.permission", "pk": 147, "fields": {"name": "Can delete level", "content_type": 37, "codename": "delete_level"}}, {"model": "auth.permission", "pk": 148, "fields": {"name": "Can view level", "content_type": 37, "codename": "view_level"}}, {"model": "auth.permission", "pk": 149, "fields": {"name": "Can add stage", "content_type": 38, "codename": "add_stage"}}, {"model": "auth.permission", "pk": 150, "fields": {"name": "Can change stage", "content_type": 38, "codename": "change_stage"}}, {"model": "auth.permission", "pk": 151, "fields": {"name": "Can delete stage", "content_type": 38, "codename": "delete_stage"}}, {"model": "auth.permission", "pk": 152, "fields": {"name": "Can view stage", "content_type": 38, "codename": "view_stage"}}, {"model": "auth.permission", "pk": 153, "fields": {"name": "Can add last student answer", "content_type": 39, "codename": "add_laststudentanswer"}}, {"model": "auth.permission", "pk": 154, "fields": {"name": "Can change last student answer", "content_type": 39, "codename": "change_laststudentanswer"}}, {"model": "auth.permission", "pk": 155, "fields": {"name": "Can delete last student answer", "content_type": 39, "codename": "delete_laststudentanswer"}}, {"model": "auth.permission", "pk": 156, "fields": {"name": "Can view last student answer", "content_type": 39, "codename": "view_laststudentanswer"}}, {"model": "auth.permission", "pk": 157, "fields": {"name": "Can add stage level", "content_type": 40, "codename": "add_stagelevel"}}, {"model": "auth.permission", "pk": 158, "fields": {"name": "Can change stage level", "content_type": 40, "codename": "change_stagelevel"}}, {"model": "auth.permission", "pk": 159, "fields": {"name": "Can delete stage level", "content_type": 40, "codename": "delete_stagelevel"}}, {"model": "auth.permission", "pk": 160, "fields": {"name": "Can view stage level", "content_type": 40, "codename": "view_stagelevel"}}, {"model": "auth.permission", "pk": 161, "fields": {"name": "Can add student level", "content_type": 41, "codename": "add_studentlevel"}}, {"model": "auth.permission", "pk": 162, "fields": {"name": "Can change student level", "content_type": 41, "codename": "change_studentlevel"}}, {"model": "auth.permission", "pk": 163, "fields": {"name": "Can delete student level", "content_type": 41, "codename": "delete_studentlevel"}}, {"model": "auth.permission", "pk": 164, "fields": {"name": "Can view student level", "content_type": 41, "codename": "view_studentlevel"}}, {"model": "auth.permission", "pk": 165, "fields": {"name": "Can add completed task", "content_type": 42, "codename": "add_completedtask"}}, {"model": "auth.permission", "pk": 166, "fields": {"name": "Can change completed task", "content_type": 42, "codename": "change_completedtask"}}, {"model": "auth.permission", "pk": 167, "fields": {"name": "Can delete completed task", "content_type": 42, "codename": "delete_completedtask"}}, {"model": "auth.permission", "pk": 168, "fields": {"name": "Can view completed task", "content_type": 42, "codename": "view_completedtask"}}, {"model": "auth.permission", "pk": 169, "fields": {"name": "Can add task", "content_type": 43, "codename": "add_task"}}, {"model": "auth.permission", "pk": 170, "fields": {"name": "Can change task", "content_type": 43, "codename": "change_task"}}, {"model": "auth.permission", "pk": 171, "fields": {"name": "Can delete task", "content_type": 43, "codename": "delete_task"}}, {"model": "auth.permission", "pk": 172, "fields": {"name": "Can view task", "content_type": 43, "codename": "view_task"}}, {"model": "auth.permission", "pk": 173, "fields": {"name": "Can add queue message", "content_type": 44, "codename": "add_queuemessage"}}, {"model": "auth.permission", "pk": 174, "fields": {"name": "Can change queue message", "content_type": 44, "codename": "change_queuemessage"}}, {"model": "auth.permission", "pk": 175, "fields": {"name": "Can delete queue message", "content_type": 44, "codename": "delete_queuemessage"}}, {"model": "auth.permission", "pk": 176, "fields": {"name": "Can view queue message", "content_type": 44, "codename": "view_queuemessage"}}, {"model": "auth.permission", "pk": 177, "fields": {"name": "Can add Scheduled task", "content_type": 45, "codename": "add_schedule"}}, {"model": "auth.permission", "pk": 178, "fields": {"name": "Can change Scheduled task", "content_type": 45, "codename": "change_schedule"}}, {"model": "auth.permission", "pk": 179, "fields": {"name": "Can delete Scheduled task", "content_type": 45, "codename": "delete_schedule"}}, {"model": "auth.permission", "pk": 180, "fields": {"name": "Can view Scheduled task", "content_type": 45, "codename": "view_schedule"}}, {"model": "auth.permission", "pk": 181, "fields": {"name": "Can add task", "content_type": 46, "codename": "add_task"}}, {"model": "auth.permission", "pk": 182, "fields": {"name": "Can change task", "content_type": 46, "codename": "change_task"}}, {"model": "auth.permission", "pk": 183, "fields": {"name": "Can delete task", "content_type": 46, "codename": "delete_task"}}, {"model": "auth.permission", "pk": 184, "fields": {"name": "Can view task", "content_type": 46, "codename": "view_task"}}, {"model": "auth.permission", "pk": 185, "fields": {"name": "Can add Failed task", "content_type": 46, "codename": "add_failure"}}, {"model": "auth.permission", "pk": 186, "fields": {"name": "Can change Failed task", "content_type": 46, "codename": "change_failure"}}, {"model": "auth.permission", "pk": 187, "fields": {"name": "Can delete Failed task", "content_type": 46, "codename": "delete_failure"}}, {"model": "auth.permission", "pk": 188, "fields": {"name": "Can view Failed task", "content_type": 46, "codename": "view_failure"}}, {"model": "auth.permission", "pk": 189, "fields": {"name": "Can add Successful task", "content_type": 46, "codename": "add_success"}}, {"model": "auth.permission", "pk": 190, "fields": {"name": "Can change Successful task", "content_type": 46, "codename": "change_success"}}, {"model": "auth.permission", "pk": 191, "fields": {"name": "Can delete Successful task", "content_type": 46, "codename": "delete_success"}}, {"model": "auth.permission", "pk": 192, "fields": {"name": "Can view Successful task", "content_type": 46, "codename": "view_success"}}, {"model": "auth.permission", "pk": 193, "fields": {"name": "Can add Queued task", "content_type": 47, "codename": "add_ormq"}}, {"model": "auth.permission", "pk": 194, "fields": {"name": "Can change Queued task", "content_type": 47, "codename": "change_ormq"}}, {"model": "auth.permission", "pk": 195, "fields": {"name": "Can delete Queued task", "content_type": 47, "codename": "delete_ormq"}}, {"model": "auth.permission", "pk": 196, "fields": {"name": "Can view Queued task", "content_type": 47, "codename": "view_ormq"}}, {"model": "auth.user", "pk": 1, "fields": {"password": "pbkdf2_sha256$120000$zvIJVLrcGtuI$R7F67D00LGaYudRXKoTHRNqRyFZG+InvNzD7MN9uSpY=", "last_login": "2019-02-26T20:53:26.983Z", "is_superuser": true, "username": "admin", "first_name": "", "last_name": "", "email": "admin@mail.com", "is_staff": true, "is_active": true, "date_joined": "2019-02-11T14:20:23.405Z", "groups": [], "user_permissions": []}}, {"model": "auth.user", "pk": 50, "fields": {"password": "pbkdf2_sha256$120000$obV5UQx2jXLj$YGIXyChy5Zq4Sn8XbL3d+AN0laGwHaNL5wL4NJqDJGs=", "last_login": "2019-02-22T21:15:21Z", "is_superuser": false, "username": "Abderrahmane00", "first_name": "", "last_name": "", "email": "abderrahmane00@gmail.com", "is_staff": false, "is_active": true, "date_joined": "2019-02-22T20:05:57Z", "groups": [], "user_permissions": []}}, {"model": "auth.user", "pk": 51, "fields": {"password": "pbkdf2_sha256$120000$FrofMOaqcNeS$XN5/YD2T6lpRqWXdT6+bVld6g8ZW4FwzJ+B9ibfEai8=", "last_login": "2019-02-24T22:28:49.756Z", "is_superuser": false, "username": "Mustapha", "first_name": "", "last_name": "", "email": "mustapha@mail.com", "is_staff": false, "is_active": true, "date_joined": "2019-02-22T20:07:41Z", "groups": [], "user_permissions": []}}, {"model": "auth.user", "pk": 110, "fields": {"password": "pbkdf2_sha256$120000$D2G3Zmf7VFH3$Ttj969Ji/HyKo0QBYAR5R9erHC54d4Zb22yybZxL9DM=", "last_login": "2019-02-26T14:40:05.788Z", "is_superuser": false, "username": "salahChbabe", "first_name": "", "last_name": "", "email": "salahchbaab@mail.com", "is_staff": false, "is_active": true, "date_joined": "2019-02-25T12:10:13.969Z", "groups": [], "user_permissions": []}}, {"model": "accounts.student", "pk": 1, "fields": {"photo": "picture_profile/20180531_180404.jpg", "exp": 42, "rank": null, "position": null, "interests": [1, 2]}}, {"model": "accounts.student", "pk": 50, "fields": {"photo": "picture_profile/Screenshot_from_2019-02-03_23-19-32.png", "exp": 23, "rank": null, "position": null, "interests": [3, 4]}}, {"model": "accounts.student", "pk": 51, "fields": {"photo": "picture_profile/Screenshot_from_2019-01-31_16-03-02_oQKWcOB.png", "exp": 300, "rank": null, "position": null, "interests": []}}, {"model": "accounts.student", "pk": 110, "fields": {"photo": "default-96.png", "exp": 1, "rank": null, "position": null, "interests": [1, 2, 3, 4, 5]}}, {"model": "admin.logentry", "pk": 1, "fields": {"action_time": "2019-02-12T11:39:45.026Z", "user": 1, "content_type": 13, "object_id": "1", "object_repr": "math", "action_flag": 1, "change_message": "[{\"added\": {}}]"}}, {"model": "admin.logentry", "pk": 2, "fields": {"action_time": "2019-02-12T11:39:52.163Z", "user": 1, "content_type": 13, "object_id": "2", "object_repr": "analyse", "action_flag": 1, "change_message": "[{\"added\": {}}]"}}, {"model": "admin.logentry", "pk": 3, "fields": {"action_time": "2019-02-12T11:40:03.396Z", "user": 1, "content_type": 13, "object_id": "3", "object_repr": "web developement", "action_flag": 1, "change_message": "[{\"added\": {}}]"}}, {"model": "admin.logentry", "pk": 4, "fields": {"action_time": "2019-02-12T11:53:10.269Z", "user": 1, "content_type": 4, "object_id": "3", "object_repr": "AbderrahamneMustapha", "action_flag": 3, "change_message": ""}}, {"model": "admin.logentry", "pk": 5, "fields": {"action_time": "2019-02-12T11:53:18.157Z", "user": 1, "content_type": 4, "object_id": "2", "object_repr": "abdou", "action_flag": 3, "change_message": ""}}, {"model": "admin.logentry", "pk": 6, "fields": {"action_time": "2019-02-12T11:56:54.330Z", "user": 1, "content_type": 4, "object_id": "4", "object_repr": "Abderrahamne", "action_flag": 3, "change_message": ""}}, {"model": "admin.logentry", "pk": 7, "fields": {"action_time": "2019-02-12T12:03:28.551Z", "user": 1, "content_type": 4, "object_id": "5", "object_repr": "Abderrahmane", "action_flag": 3, "change_message": ""}}, {"model": "admin.logentry", "pk": 8, "fields": {"action_time": "2019-02-12T12:10:46.439Z", "user": 1, "content_type": 4, "object_id": "6", "object_repr": "Abderrahmane", "action_flag": 3, "change_message": ""}}, {"model": "admin.logentry", "pk": 9, "fields": {"action_time": "2019-02-12T12:10:56.014Z", "user": 1, "content_type": 4, "object_id": "7", "object_repr": "amani", "action_flag": 3, "change_message": ""}}, {"model": "admin.logentry", "pk": 10, "fields": {"action_time": "2019-02-13T22:02:14.684Z", "user": 1, "content_type": 11, "object_id": "26", "object_repr": "Abderrahamne00000000000000", "action_flag": 2, "change_message": "[{\"changed\": {\"fields\": [\"interests\"]}}]"}}, {"model": "admin.logentry", "pk": 11, "fields": {"action_time": "2019-02-13T22:02:22.433Z", "user": 1, "content_type": 11, "object_id": "26", "object_repr": "Abderrahamne00000000000000", "action_flag": 2, "change_message": "[{\"changed\": {\"fields\": [\"interests\"]}}]"}}, {"model": "admin.logentry", "pk": 12, "fields": {"action_time": "2019-02-14T13:44:08.723Z", "user": 1, "content_type": 17, "object_id": "1", "object_repr": "history", "action_flag": 1, "change_message": "[{\"added\": {}}]"}}, {"model": "admin.logentry", "pk": 13, "fields": {"action_time": "2019-02-14T13:46:15.899Z", "user": 1, "content_type": 17, "object_id": "2", "object_repr": "Photography", "action_flag": 1, "change_message": "[{\"added\": {}}]"}}, {"model": "admin.logentry", "pk": 14, "fields": {"action_time": "2019-02-14T14:29:39.646Z", "user": 1, "content_type": 17, "object_id": "1", "object_repr": "history", "action_flag": 2, "change_message": "[{\"changed\": {\"fields\": [\"photo\"]}}]"}}, {"model": "admin.logentry", "pk": 15, "fields": {"action_time": "2019-02-14T19:52:42.057Z", "user": 1, "content_type": 18, "object_id": "1", "object_repr": "Course object (1)", "action_flag": 1, "change_message": "[{\"added\": {}}]"}}, {"model": "admin.logentry", "pk": 16, "fields": {"action_time": "2019-02-14T20:55:36.117Z", "user": 1, "content_type": 19, "object_id": "1", "object_repr": "1. algerian history", "action_flag": 1, "change_message": "[{\"added\": {}}]"}}, {"model": "admin.logentry", "pk": 17, "fields": {"action_time": "2019-02-15T10:21:30.206Z", "user": 1, "content_type": 18, "object_id": "2", "object_repr": "Course object (2)", "action_flag": 1, "change_message": "[{\"added\": {}}]"}}, {"model": "admin.logentry", "pk": 18, "fields": {"action_time": "2019-02-15T10:22:02.326Z", "user": 1, "content_type": 19, "object_id": "1", "object_repr": "1. algerian history", "action_flag": 3, "change_message": ""}}, {"model": "admin.logentry", "pk": 19, "fields": {"action_time": "2019-02-15T10:22:22.239Z", "user": 1, "content_type": 18, "object_id": "2", "object_repr": "Course object (2)", "action_flag": 2, "change_message": "[{\"changed\": {\"fields\": [\"overview\"]}}]"}}, {"model": "admin.logentry", "pk": 20, "fields": {"action_time": "2019-02-15T10:22:41.574Z", "user": 1, "content_type": 18, "object_id": "1", "object_repr": "Course object (1)", "action_flag": 2, "change_message": "[{\"changed\": {\"fields\": [\"approved\"]}}]"}}, {"model": "admin.logentry", "pk": 21, "fields": {"action_time": "2019-02-15T10:25:02.171Z", "user": 1, "content_type": 18, "object_id": "1", "object_repr": "Course object (1)", "action_flag": 2, "change_message": "[{\"changed\": {\"fields\": [\"approved\"]}}]"}}, {"model": "admin.logentry", "pk": 22, "fields": {"action_time": "2019-02-15T10:39:24.466Z", "user": 1, "content_type": 18, "object_id": "1", "object_repr": "Course object (1)", "action_flag": 2, "change_message": "[]"}}, {"model": "admin.logentry", "pk": 23, "fields": {"action_time": "2019-02-15T10:42:06.100Z", "user": 1, "content_type": 19, "object_id": "2", "object_repr": "1. Kingdom", "action_flag": 1, "change_message": "[{\"added\": {}}]"}}, {"model": "admin.logentry", "pk": 24, "fields": {"action_time": "2019-02-15T10:47:49.042Z", "user": 1, "content_type": 16, "object_id": "1", "object_repr": "1. Kingdom  . Etruscans,", "action_flag": 1, "change_message": "[{\"added\": {}}]"}}, {"model": "admin.logentry", "pk": 25, "fields": {"action_time": "2019-02-15T14:29:05.341Z", "user": 1, "content_type": 13, "object_id": "3", "object_repr": "web developement", "action_flag": 2, "change_message": "[{\"changed\": {\"fields\": [\"color\"]}}]"}}, {"model": "admin.logentry", "pk": 26, "fields": {"action_time": "2019-02-15T14:29:18.508Z", "user": 1, "content_type": 13, "object_id": "2", "object_repr": "Maths", "action_flag": 2, "change_message": "[{\"changed\": {\"fields\": [\"name\"]}}]"}}, {"model": "admin.logentry", "pk": 27, "fields": {"action_time": "2019-02-15T14:29:40.914Z", "user": 1, "content_type": 13, "object_id": "1", "object_repr": "design", "action_flag": 2, "change_message": "[{\"changed\": {\"fields\": [\"name\", \"color\"]}}]"}}, {"model": "admin.logentry", "pk": 28, "fields": {"action_time": "2019-02-15T17:50:50.321Z", "user": 1, "content_type": 16, "object_id": "1", "object_repr": "1. Etruscans,", "action_flag": 2, "change_message": "[{\"changed\": {\"fields\": [\"video\"]}}]"}}, {"model": "admin.logentry", "pk": 29, "fields": {"action_time": "2019-02-15T21:09:19.744Z", "user": 1, "content_type": 20, "object_id": "1", "object_repr": "abdou0000  1. Kingdom 1. Etruscans, ", "action_flag": 3, "change_message": ""}}, {"model": "admin.logentry", "pk": 30, "fields": {"action_time": "2019-02-15T21:09:33.119Z", "user": 1, "content_type": 20, "object_id": "5", "object_repr": "abdou0000  1. Kingdom 1. Etruscans, ", "action_flag": 3, "change_message": ""}}, {"model": "admin.logentry", "pk": 31, "fields": {"action_time": "2019-02-15T21:09:36.563Z", "user": 1, "content_type": 20, "object_id": "4", "object_repr": "abdou0000  1. Kingdom 1. Etruscans, ", "action_flag": 3, "change_message": ""}}, {"model": "admin.logentry", "pk": 32, "fields": {"action_time": "2019-02-15T21:09:39.550Z", "user": 1, "content_type": 20, "object_id": "2", "object_repr": "abdou0000  1. Kingdom 1. Etruscans, ", "action_flag": 3, "change_message": ""}}, {"model": "admin.logentry", "pk": 33, "fields": {"action_time": "2019-02-15T21:09:43.873Z", "user": 1, "content_type": 20, "object_id": "3", "object_repr": "abdou0000  1. Kingdom 1. Etruscans, ", "action_flag": 3, "change_message": ""}}, {"model": "admin.logentry", "pk": 34, "fields": {"action_time": "2019-02-15T21:42:06.663Z", "user": 1, "content_type": 20, "object_id": "7", "object_repr": "admin  None None ", "action_flag": 3, "change_message": ""}}, {"model": "admin.logentry", "pk": 35, "fields": {"action_time": "2019-02-15T21:42:19.637Z", "user": 1, "content_type": 20, "object_id": "8", "object_repr": "admin  1. Kingdom None ", "action_flag": 3, "change_message": ""}}, {"model": "admin.logentry", "pk": 36, "fields": {"action_time": "2019-02-15T21:42:53.278Z", "user": 1, "content_type": 20, "object_id": "9", "object_repr": "admin  1. Kingdom 1. Etruscans, ", "action_flag": 2, "change_message": "[{\"changed\": {\"fields\": [\"note\"]}}]"}}, {"model": "admin.logentry", "pk": 37, "fields": {"action_time": "2019-02-15T21:42:58.612Z", "user": 1, "content_type": 20, "object_id": "6", "object_repr": "abdou0000  1. Kingdom 1. Etruscans, ", "action_flag": 3, "change_message": ""}}, {"model": "admin.logentry", "pk": 38, "fields": {"action_time": "2019-02-16T11:46:23.077Z", "user": 1, "content_type": 21, "object_id": "1", "object_repr": "TakenCourse object (1)", "action_flag": 1, "change_message": "[{\"added\": {}}]"}}, {"model": "admin.logentry", "pk": 39, "fields": {"action_time": "2019-02-16T12:23:42.675Z", "user": 1, "content_type": 21, "object_id": "2", "object_repr": "TakenCourse object (2)", "action_flag": 3, "change_message": ""}}, {"model": "admin.logentry", "pk": 40, "fields": {"action_time": "2019-02-16T21:53:45.414Z", "user": 1, "content_type": 10, "object_id": "1", "object_repr": "HTML", "action_flag": 1, "change_message": "[{\"added\": {}}]"}}, {"model": "admin.logentry", "pk": 41, "fields": {"action_time": "2019-02-16T21:54:56.727Z", "user": 1, "content_type": 9, "object_id": "1", "object_repr": "What does HTML stand for?", "action_flag": 1, "change_message": "[{\"added\": {}}]"}}, {"model": "admin.logentry", "pk": 42, "fields": {"action_time": "2019-02-16T21:55:17.390Z", "user": 1, "content_type": 9, "object_id": "2", "object_repr": "Who is making the Web standards?", "action_flag": 1, "change_message": "[{\"added\": {}}]"}}, {"model": "admin.logentry", "pk": 43, "fields": {"action_time": "2019-02-16T21:55:45.709Z", "user": 1, "content_type": 9, "object_id": "3", "object_repr": "correct HTML element for the largest heading", "action_flag": 1, "change_message": "[{\"added\": {}}]"}}, {"model": "admin.logentry", "pk": 44, "fields": {"action_time": "2019-02-16T21:56:11.965Z", "user": 1, "content_type": 9, "object_id": "4", "object_repr": "What is the correct HTML element for inserting a line break?", "action_flag": 1, "change_message": "[{\"added\": {}}]"}}, {"model": "admin.logentry", "pk": 45, "fields": {"action_time": "2019-02-16T21:57:56.113Z", "user": 1, "content_type": 7, "object_id": "1", "object_repr": "Hypertext Markup Language", "action_flag": 1, "change_message": "[{\"added\": {}}]"}}, {"model": "admin.logentry", "pk": 46, "fields": {"action_time": "2019-02-16T21:58:48.028Z", "user": 1, "content_type": 7, "object_id": "2", "object_repr": "blalalalla", "action_flag": 1, "change_message": "[{\"added\": {}}]"}}, {"model": "admin.logentry", "pk": 47, "fields": {"action_time": "2019-02-16T21:59:51.167Z", "user": 1, "content_type": 7, "object_id": "3", "object_repr": "The Word Wide Web Cosertium", "action_flag": 1, "change_message": "[{\"added\": {}}]"}}, {"model": "admin.logentry", "pk": 48, "fields": {"action_time": "2019-02-16T22:00:00.856Z", "user": 1, "content_type": 7, "object_id": "4", "object_repr": "mlqfvolpmqedjvmaejvmeqd", "action_flag": 1, "change_message": "[{\"added\": {}}]"}}, {"model": "admin.logentry", "pk": 49, "fields": {"action_time": "2019-02-16T22:00:31.615Z", "user": 1, "content_type": 7, "object_id": "5", "object_repr": "<h1>", "action_flag": 1, "change_message": "[{\"added\": {}}]"}}, {"model": "admin.logentry", "pk": 50, "fields": {"action_time": "2019-02-16T22:00:43.225Z", "user": 1, "content_type": 7, "object_id": "6", "object_repr": "<h6>", "action_flag": 1, "change_message": "[{\"added\": {}}]"}}, {"model": "admin.logentry", "pk": 51, "fields": {"action_time": "2019-02-16T22:00:47.815Z", "user": 1, "content_type": 7, "object_id": "5", "object_repr": "<h1>", "action_flag": 2, "change_message": "[]"}}, {"model": "admin.logentry", "pk": 52, "fields": {"action_time": "2019-02-16T22:01:03.364Z", "user": 1, "content_type": 7, "object_id": "7", "object_repr": "<br>", "action_flag": 1, "change_message": "[{\"added\": {}}]"}}, {"model": "admin.logentry", "pk": 53, "fields": {"action_time": "2019-02-16T22:01:25.053Z", "user": 1, "content_type": 7, "object_id": "8", "object_repr": "<break>", "action_flag": 1, "change_message": "[{\"added\": {}}]"}}, {"model": "admin.logentry", "pk": 54, "fields": {"action_time": "2019-02-17T10:29:55.070Z", "user": 1, "content_type": 13, "object_id": "4", "object_repr": "Programming language", "action_flag": 1, "change_message": "[{\"added\": {}}]"}}, {"model": "admin.logentry", "pk": 55, "fields": {"action_time": "2019-02-17T10:30:02.011Z", "user": 1, "content_type": 10, "object_id": "2", "object_repr": "C++", "action_flag": 1, "change_message": "[{\"added\": {}}]"}}, {"model": "admin.logentry", "pk": 56, "fields": {"action_time": "2019-02-19T19:42:53.044Z", "user": 1, "content_type": 11, "object_id": "1", "object_repr": "admin", "action_flag": 1, "change_message": "[{\"added\": {}}]"}}, {"model": "admin.logentry", "pk": 57, "fields": {"action_time": "2019-02-19T21:36:13.349Z", "user": 1, "content_type": 12, "object_id": "2", "object_repr": "StudentAnswer object (2)", "action_flag": 3, "change_message": ""}}, {"model": "admin.logentry", "pk": 58, "fields": {"action_time": "2019-02-19T21:36:13.491Z", "user": 1, "content_type": 12, "object_id": "1", "object_repr": "StudentAnswer object (1)", "action_flag": 3, "change_message": ""}}, {"model": "admin.logentry", "pk": 59, "fields": {"action_time": "2019-02-19T21:36:43.032Z", "user": 1, "content_type": 7, "object_id": "8", "object_repr": "<break>", "action_flag": 3, "change_message": ""}}, {"model": "admin.logentry", "pk": 60, "fields": {"action_time": "2019-02-19T21:36:43.135Z", "user": 1, "content_type": 7, "object_id": "7", "object_repr": "<br>", "action_flag": 3, "change_message": ""}}, {"model": "admin.logentry", "pk": 61, "fields": {"action_time": "2019-02-19T21:36:43.246Z", "user": 1, "content_type": 7, "object_id": "6", "object_repr": "<h6>", "action_flag": 3, "change_message": ""}}, {"model": "admin.logentry", "pk": 62, "fields": {"action_time": "2019-02-19T21:36:43.368Z", "user": 1, "content_type": 7, "object_id": "5", "object_repr": "<h1>", "action_flag": 3, "change_message": ""}}, {"model": "admin.logentry", "pk": 63, "fields": {"action_time": "2019-02-19T21:36:43.457Z", "user": 1, "content_type": 7, "object_id": "4", "object_repr": "mlqfvolpmqedjvmaejvmeqd", "action_flag": 3, "change_message": ""}}, {"model": "admin.logentry", "pk": 64, "fields": {"action_time": "2019-02-19T21:36:43.568Z", "user": 1, "content_type": 7, "object_id": "3", "object_repr": "The Word Wide Web Cosertium", "action_flag": 3, "change_message": ""}}, {"model": "admin.logentry", "pk": 65, "fields": {"action_time": "2019-02-19T21:36:43.697Z", "user": 1, "content_type": 7, "object_id": "2", "object_repr": "blalalalla", "action_flag": 3, "change_message": ""}}, {"model": "admin.logentry", "pk": 66, "fields": {"action_time": "2019-02-19T21:36:43.823Z", "user": 1, "content_type": 7, "object_id": "1", "object_repr": "Hypertext Markup Language", "action_flag": 3, "change_message": ""}}, {"model": "admin.logentry", "pk": 67, "fields": {"action_time": "2019-02-19T21:46:23.814Z", "user": 1, "content_type": 4, "object_id": "25", "object_repr": "Abderrahamne0000", "action_flag": 3, "change_message": ""}}, {"model": "admin.logentry", "pk": 68, "fields": {"action_time": "2019-02-19T21:46:23.963Z", "user": 1, "content_type": 4, "object_id": "26", "object_repr": "Abderrahamne00000000000000", "action_flag": 3, "change_message": ""}}, {"model": "admin.logentry", "pk": 69, "fields": {"action_time": "2019-02-19T21:46:24.124Z", "user": 1, "content_type": 4, "object_id": "49", "object_repr": "ToumiAbderrahmane", "action_flag": 3, "change_message": ""}}, {"model": "admin.logentry", "pk": 70, "fields": {"action_time": "2019-02-19T21:46:24.248Z", "user": 1, "content_type": 4, "object_id": "14", "object_repr": "abdou00", "action_flag": 3, "change_message": ""}}, {"model": "admin.logentry", "pk": 71, "fields": {"action_time": "2019-02-19T21:46:24.363Z", "user": 1, "content_type": 4, "object_id": "15", "object_repr": "abdou000", "action_flag": 3, "change_message": ""}}, {"model": "admin.logentry", "pk": 72, "fields": {"action_time": "2019-02-19T21:46:24.475Z", "user": 1, "content_type": 4, "object_id": "16", "object_repr": "abdou0000", "action_flag": 3, "change_message": ""}}, {"model": "admin.logentry", "pk": 73, "fields": {"action_time": "2019-02-19T21:46:24.586Z", "user": 1, "content_type": 4, "object_id": "17", "object_repr": "abdou00000", "action_flag": 3, "change_message": ""}}, {"model": "admin.logentry", "pk": 74, "fields": {"action_time": "2019-02-19T21:46:24.708Z", "user": 1, "content_type": 4, "object_id": "21", "object_repr": "abdou000000000", "action_flag": 3, "change_message": ""}}, {"model": "admin.logentry", "pk": 75, "fields": {"action_time": "2019-02-19T21:46:24.809Z", "user": 1, "content_type": 4, "object_id": "22", "object_repr": "abdou0000000000", "action_flag": 3, "change_message": ""}}, {"model": "admin.logentry", "pk": 76, "fields": {"action_time": "2019-02-19T21:46:24.941Z", "user": 1, "content_type": 4, "object_id": "23", "object_repr": "abdou00000000000", "action_flag": 3, "change_message": ""}}, {"model": "admin.logentry", "pk": 77, "fields": {"action_time": "2019-02-19T21:46:25.064Z", "user": 1, "content_type": 4, "object_id": "24", "object_repr": "abdou000000000000", "action_flag": 3, "change_message": ""}}, {"model": "admin.logentry", "pk": 78, "fields": {"action_time": "2019-02-19T21:46:25.186Z", "user": 1, "content_type": 4, "object_id": "8", "object_repr": "amani", "action_flag": 3, "change_message": ""}}, {"model": "admin.logentry", "pk": 79, "fields": {"action_time": "2019-02-19T21:46:25.308Z", "user": 1, "content_type": 4, "object_id": "9", "object_repr": "amani0", "action_flag": 3, "change_message": ""}}, {"model": "admin.logentry", "pk": 80, "fields": {"action_time": "2019-02-19T21:46:25.430Z", "user": 1, "content_type": 4, "object_id": "35", "object_repr": "bagra", "action_flag": 3, "change_message": ""}}, {"model": "admin.logentry", "pk": 81, "fields": {"action_time": "2019-02-19T21:46:25.542Z", "user": 1, "content_type": 4, "object_id": "42", "object_repr": "blo", "action_flag": 3, "change_message": ""}}, {"model": "admin.logentry", "pk": 82, "fields": {"action_time": "2019-02-19T21:46:25.663Z", "user": 1, "content_type": 4, "object_id": "37", "object_repr": "blo_blo", "action_flag": 3, "change_message": ""}}, {"model": "admin.logentry", "pk": 83, "fields": {"action_time": "2019-02-19T21:46:25.758Z", "user": 1, "content_type": 4, "object_id": "40", "object_repr": "checkchok", "action_flag": 3, "change_message": ""}}, {"model": "admin.logentry", "pk": 84, "fields": {"action_time": "2019-02-19T21:46:25.876Z", "user": 1, "content_type": 4, "object_id": "36", "object_repr": "chien", "action_flag": 3, "change_message": ""}}, {"model": "admin.logentry", "pk": 85, "fields": {"action_time": "2019-02-19T21:46:25.997Z", "user": 1, "content_type": 4, "object_id": "39", "object_repr": "default_pic_test", "action_flag": 3, "change_message": ""}}, {"model": "admin.logentry", "pk": 86, "fields": {"action_time": "2019-02-19T21:46:26.129Z", "user": 1, "content_type": 4, "object_id": "47", "object_repr": "foo", "action_flag": 3, "change_message": ""}}, {"model": "admin.logentry", "pk": 87, "fields": {"action_time": "2019-02-19T21:46:26.244Z", "user": 1, "content_type": 4, "object_id": "48", "object_repr": "fooo", "action_flag": 3, "change_message": ""}}, {"model": "admin.logentry", "pk": 88, "fields": {"action_time": "2019-02-19T21:46:26.409Z", "user": 1, "content_type": 4, "object_id": "41", "object_repr": "jerw", "action_flag": 3, "change_message": ""}}, {"model": "admin.logentry", "pk": 89, "fields": {"action_time": "2019-02-19T21:46:26.541Z", "user": 1, "content_type": 4, "object_id": "34", "object_repr": "kelb", "action_flag": 3, "change_message": ""}}, {"model": "admin.logentry", "pk": 90, "fields": {"action_time": "2019-02-19T21:46:26.664Z", "user": 1, "content_type": 4, "object_id": "44", "object_repr": "late", "action_flag": 3, "change_message": ""}}, {"model": "admin.logentry", "pk": 91, "fields": {"action_time": "2019-02-19T21:46:26.786Z", "user": 1, "content_type": 4, "object_id": "27", "object_repr": "me", "action_flag": 3, "change_message": ""}}, {"model": "admin.logentry", "pk": 92, "fields": {"action_time": "2019-02-19T21:46:26.909Z", "user": 1, "content_type": 4, "object_id": "28", "object_repr": "me0", "action_flag": 3, "change_message": ""}}, {"model": "admin.logentry", "pk": 93, "fields": {"action_time": "2019-02-19T21:46:27.042Z", "user": 1, "content_type": 4, "object_id": "29", "object_repr": "me00", "action_flag": 3, "change_message": ""}}, {"model": "admin.logentry", "pk": 94, "fields": {"action_time": "2019-02-19T21:46:27.175Z", "user": 1, "content_type": 4, "object_id": "30", "object_repr": "me000", "action_flag": 3, "change_message": ""}}, {"model": "admin.logentry", "pk": 95, "fields": {"action_time": "2019-02-19T21:46:27.363Z", "user": 1, "content_type": 4, "object_id": "31", "object_repr": "me0000", "action_flag": 3, "change_message": ""}}, {"model": "admin.logentry", "pk": 96, "fields": {"action_time": "2019-02-19T21:46:27.452Z", "user": 1, "content_type": 4, "object_id": "32", "object_repr": "me00000", "action_flag": 3, "change_message": ""}}, {"model": "admin.logentry", "pk": 97, "fields": {"action_time": "2019-02-19T21:46:27.570Z", "user": 1, "content_type": 4, "object_id": "10", "object_repr": "mustapha", "action_flag": 3, "change_message": ""}}, {"model": "admin.logentry", "pk": 98, "fields": {"action_time": "2019-02-19T21:46:27.664Z", "user": 1, "content_type": 4, "object_id": "11", "object_repr": "mustapha0", "action_flag": 3, "change_message": ""}}, {"model": "admin.logentry", "pk": 99, "fields": {"action_time": "2019-02-19T21:46:27.775Z", "user": 1, "content_type": 4, "object_id": "12", "object_repr": "mustapha00", "action_flag": 3, "change_message": ""}}, {"model": "admin.logentry", "pk": 100, "fields": {"action_time": "2019-02-19T21:46:27.897Z", "user": 1, "content_type": 4, "object_id": "13", "object_repr": "mustapha000", "action_flag": 3, "change_message": ""}}, {"model": "admin.logentry", "pk": 101, "fields": {"action_time": "2019-02-19T21:46:28.164Z", "user": 1, "content_type": 4, "object_id": "33", "object_repr": "op", "action_flag": 3, "change_message": ""}}, {"model": "admin.logentry", "pk": 102, "fields": {"action_time": "2019-02-19T21:46:28.319Z", "user": 1, "content_type": 4, "object_id": "43", "object_repr": "opp", "action_flag": 3, "change_message": ""}}, {"model": "admin.logentry", "pk": 103, "fields": {"action_time": "2019-02-19T21:46:28.441Z", "user": 1, "content_type": 4, "object_id": "38", "object_repr": "po_ui", "action_flag": 3, "change_message": ""}}, {"model": "admin.logentry", "pk": 104, "fields": {"action_time": "2019-02-19T21:46:28.563Z", "user": 1, "content_type": 4, "object_id": "46", "object_repr": "poo", "action_flag": 3, "change_message": ""}}, {"model": "admin.logentry", "pk": 105, "fields": {"action_time": "2019-02-19T21:46:28.686Z", "user": 1, "content_type": 4, "object_id": "45", "object_repr": "toz", "action_flag": 3, "change_message": ""}}, {"model": "admin.logentry", "pk": 106, "fields": {"action_time": "2019-02-19T21:46:28.803Z", "user": 1, "content_type": 4, "object_id": "18", "object_repr": "you", "action_flag": 3, "change_message": ""}}, {"model": "admin.logentry", "pk": 107, "fields": {"action_time": "2019-02-19T21:46:28.919Z", "user": 1, "content_type": 4, "object_id": "19", "object_repr": "you0", "action_flag": 3, "change_message": ""}}, {"model": "admin.logentry", "pk": 108, "fields": {"action_time": "2019-02-19T21:46:29.041Z", "user": 1, "content_type": 4, "object_id": "20", "object_repr": "you00", "action_flag": 3, "change_message": ""}}, {"model": "admin.logentry", "pk": 109, "fields": {"action_time": "2019-02-19T21:51:02.240Z", "user": 1, "content_type": 9, "object_id": "4", "object_repr": "Question object (4)", "action_flag": 3, "change_message": ""}}, {"model": "admin.logentry", "pk": 110, "fields": {"action_time": "2019-02-19T21:51:02.375Z", "user": 1, "content_type": 9, "object_id": "3", "object_repr": "Question object (3)", "action_flag": 3, "change_message": ""}}, {"model": "admin.logentry", "pk": 111, "fields": {"action_time": "2019-02-19T21:51:02.613Z", "user": 1, "content_type": 9, "object_id": "2", "object_repr": "Question object (2)", "action_flag": 3, "change_message": ""}}, {"model": "admin.logentry", "pk": 112, "fields": {"action_time": "2019-02-19T21:51:02.908Z", "user": 1, "content_type": 9, "object_id": "1", "object_repr": "Question object (1)", "action_flag": 3, "change_message": ""}}, {"model": "admin.logentry", "pk": 113, "fields": {"action_time": "2019-02-19T21:52:12.725Z", "user": 1, "content_type": 9, "object_id": "1", "object_repr": "Question object (1)", "action_flag": 1, "change_message": "[{\"added\": {}}]"}}, {"model": "admin.logentry", "pk": 114, "fields": {"action_time": "2019-02-19T21:53:06.945Z", "user": 1, "content_type": 9, "object_id": "2", "object_repr": "What does HTML stand for?", "action_flag": 1, "change_message": "[{\"added\": {}}]"}}, {"model": "admin.logentry", "pk": 115, "fields": {"action_time": "2019-02-19T21:55:11.693Z", "user": 1, "content_type": 7, "object_id": "9", "object_repr": "The World Wide Web Consortium", "action_flag": 1, "change_message": "[{\"added\": {}}]"}}, {"model": "admin.logentry", "pk": 116, "fields": {"action_time": "2019-02-19T21:55:27.401Z", "user": 1, "content_type": 7, "object_id": "10", "object_repr": "Mozilla", "action_flag": 1, "change_message": "[{\"added\": {}}]"}}, {"model": "admin.logentry", "pk": 117, "fields": {"action_time": "2019-02-19T21:56:11.322Z", "user": 1, "content_type": 7, "object_id": "11", "object_repr": "Hyperlinks and Text Markup Language", "action_flag": 1, "change_message": "[{\"added\": {}}]"}}, {"model": "admin.logentry", "pk": 118, "fields": {"action_time": "2019-02-19T21:56:29.680Z", "user": 1, "content_type": 7, "object_id": "12", "object_repr": "Hyper Text Markup Language", "action_flag": 1, "change_message": "[{\"added\": {}}]"}}, {"model": "admin.logentry", "pk": 119, "fields": {"action_time": "2019-02-19T22:01:41.590Z", "user": 1, "content_type": 12, "object_id": "4", "object_repr": "StudentAnswer object (4)", "action_flag": 3, "change_message": ""}}, {"model": "admin.logentry", "pk": 120, "fields": {"action_time": "2019-02-19T22:01:41.739Z", "user": 1, "content_type": 12, "object_id": "3", "object_repr": "StudentAnswer object (3)", "action_flag": 3, "change_message": ""}}, {"model": "admin.logentry", "pk": 121, "fields": {"action_time": "2019-02-19T22:04:22.335Z", "user": 1, "content_type": 12, "object_id": "5", "object_repr": "StudentAnswer object (5)", "action_flag": 3, "change_message": ""}}, {"model": "admin.logentry", "pk": 122, "fields": {"action_time": "2019-02-19T22:06:13.809Z", "user": 1, "content_type": 12, "object_id": "6", "object_repr": "StudentAnswer object (6)", "action_flag": 3, "change_message": ""}}, {"model": "admin.logentry", "pk": 123, "fields": {"action_time": "2019-02-19T22:12:01.538Z", "user": 1, "content_type": 12, "object_id": "8", "object_repr": "StudentAnswer object (8)", "action_flag": 3, "change_message": ""}}, {"model": "admin.logentry", "pk": 124, "fields": {"action_time": "2019-02-19T22:12:01.692Z", "user": 1, "content_type": 12, "object_id": "7", "object_repr": "StudentAnswer object (7)", "action_flag": 3, "change_message": ""}}, {"model": "admin.logentry", "pk": 125, "fields": {"action_time": "2019-02-19T22:13:54.027Z", "user": 1, "content_type": 12, "object_id": "9", "object_repr": "StudentAnswer object (9)", "action_flag": 3, "change_message": ""}}, {"model": "admin.logentry", "pk": 126, "fields": {"action_time": "2019-02-19T22:17:35.268Z", "user": 1, "content_type": 12, "object_id": "10", "object_repr": "StudentAnswer object (10)", "action_flag": 3, "change_message": ""}}, {"model": "admin.logentry", "pk": 127, "fields": {"action_time": "2019-02-19T22:18:47.694Z", "user": 1, "content_type": 12, "object_id": "11", "object_repr": "StudentAnswer object (11)", "action_flag": 3, "change_message": ""}}, {"model": "admin.logentry", "pk": 128, "fields": {"action_time": "2019-02-20T22:24:12.865Z", "user": 1, "content_type": 12, "object_id": "13", "object_repr": "StudentAnswer object (13)", "action_flag": 3, "change_message": ""}}, {"model": "admin.logentry", "pk": 129, "fields": {"action_time": "2019-02-20T22:24:13.049Z", "user": 1, "content_type": 12, "object_id": "12", "object_repr": "StudentAnswer object (12)", "action_flag": 3, "change_message": ""}}, {"model": "admin.logentry", "pk": 130, "fields": {"action_time": "2019-02-20T22:33:45.026Z", "user": 1, "content_type": 15, "object_id": "1", "object_repr": "HTML", "action_flag": 2, "change_message": "[]"}}, {"model": "admin.logentry", "pk": 131, "fields": {"action_time": "2019-02-20T22:33:52.522Z", "user": 1, "content_type": 15, "object_id": "1", "object_repr": "HTML", "action_flag": 3, "change_message": ""}}, {"model": "admin.logentry", "pk": 132, "fields": {"action_time": "2019-02-21T21:47:53.685Z", "user": 1, "content_type": 15, "object_id": "3", "object_repr": "C++", "action_flag": 3, "change_message": ""}}, {"model": "admin.logentry", "pk": 133, "fields": {"action_time": "2019-02-21T21:49:29.924Z", "user": 1, "content_type": 15, "object_id": "4", "object_repr": "C++", "action_flag": 3, "change_message": ""}}, {"model": "admin.logentry", "pk": 134, "fields": {"action_time": "2019-02-21T21:49:30.253Z", "user": 1, "content_type": 15, "object_id": "2", "object_repr": "HTML", "action_flag": 3, "change_message": ""}}, {"model": "admin.logentry", "pk": 135, "fields": {"action_time": "2019-02-21T21:50:12.383Z", "user": 1, "content_type": 12, "object_id": "2", "object_repr": "StudentAnswer object (2)", "action_flag": 3, "change_message": ""}}, {"model": "admin.logentry", "pk": 136, "fields": {"action_time": "2019-02-21T21:50:12.529Z", "user": 1, "content_type": 12, "object_id": "1", "object_repr": "StudentAnswer object (1)", "action_flag": 3, "change_message": ""}}, {"model": "admin.logentry", "pk": 137, "fields": {"action_time": "2019-02-21T21:52:48.919Z", "user": 1, "content_type": 12, "object_id": "4", "object_repr": "StudentAnswer object (4)", "action_flag": 3, "change_message": ""}}, {"model": "admin.logentry", "pk": 138, "fields": {"action_time": "2019-02-21T21:52:49.075Z", "user": 1, "content_type": 12, "object_id": "3", "object_repr": "StudentAnswer object (3)", "action_flag": 3, "change_message": ""}}, {"model": "admin.logentry", "pk": 139, "fields": {"action_time": "2019-02-21T21:54:50.724Z", "user": 1, "content_type": 15, "object_id": "5", "object_repr": "HTML", "action_flag": 3, "change_message": ""}}, {"model": "admin.logentry", "pk": 140, "fields": {"action_time": "2019-02-21T21:55:28.082Z", "user": 1, "content_type": 12, "object_id": "5", "object_repr": "StudentAnswer object (5)", "action_flag": 3, "change_message": ""}}, {"model": "admin.logentry", "pk": 141, "fields": {"action_time": "2019-02-21T23:28:10.441Z", "user": 1, "content_type": 12, "object_id": "7", "object_repr": "StudentAnswer object (7)", "action_flag": 3, "change_message": ""}}, {"model": "admin.logentry", "pk": 142, "fields": {"action_time": "2019-02-21T23:28:10.751Z", "user": 1, "content_type": 12, "object_id": "6", "object_repr": "StudentAnswer object (6)", "action_flag": 3, "change_message": ""}}, {"model": "admin.logentry", "pk": 143, "fields": {"action_time": "2019-02-21T23:31:11.227Z", "user": 1, "content_type": 15, "object_id": "6", "object_repr": "HTML", "action_flag": 3, "change_message": ""}}, {"model": "admin.logentry", "pk": 144, "fields": {"action_time": "2019-02-21T23:32:07.944Z", "user": 1, "content_type": 12, "object_id": "8", "object_repr": "StudentAnswer object (8)", "action_flag": 3, "change_message": ""}}, {"model": "admin.logentry", "pk": 145, "fields": {"action_time": "2019-02-21T23:32:22.526Z", "user": 1, "content_type": 12, "object_id": "9", "object_repr": "StudentAnswer object (9)", "action_flag": 3, "change_message": ""}}, {"model": "admin.logentry", "pk": 146, "fields": {"action_time": "2019-02-21T23:36:46.059Z", "user": 1, "content_type": 12, "object_id": "11", "object_repr": "StudentAnswer object (11)", "action_flag": 3, "change_message": ""}}, {"model": "admin.logentry", "pk": 147, "fields": {"action_time": "2019-02-21T23:36:46.223Z", "user": 1, "content_type": 12, "object_id": "10", "object_repr": "StudentAnswer object (10)", "action_flag": 3, "change_message": ""}}, {"model": "admin.logentry", "pk": 148, "fields": {"action_time": "2019-02-21T23:37:14.066Z", "user": 1, "content_type": 15, "object_id": "7", "object_repr": "HTML", "action_flag": 3, "change_message": ""}}, {"model": "admin.logentry", "pk": 149, "fields": {"action_time": "2019-02-21T23:52:10.481Z", "user": 1, "content_type": 12, "object_id": "13", "object_repr": "StudentAnswer object (13)", "action_flag": 3, "change_message": ""}}, {"model": "admin.logentry", "pk": 150, "fields": {"action_time": "2019-02-21T23:52:10.631Z", "user": 1, "content_type": 12, "object_id": "12", "object_repr": "StudentAnswer object (12)", "action_flag": 3, "change_message": ""}}, {"model": "admin.logentry", "pk": 151, "fields": {"action_time": "2019-02-21T23:52:25.401Z", "user": 1, "content_type": 15, "object_id": "8", "object_repr": "HTML", "action_flag": 3, "change_message": ""}}, {"model": "admin.logentry", "pk": 152, "fields": {"action_time": "2019-02-21T23:57:58.065Z", "user": 1, "content_type": 12, "object_id": "14", "object_repr": "StudentAnswer object (14)", "action_flag": 3, "change_message": ""}}, {"model": "admin.logentry", "pk": 153, "fields": {"action_time": "2019-02-22T00:04:10.445Z", "user": 1, "content_type": 12, "object_id": "16", "object_repr": "StudentAnswer object (16)", "action_flag": 3, "change_message": ""}}, {"model": "admin.logentry", "pk": 154, "fields": {"action_time": "2019-02-22T00:04:19.406Z", "user": 1, "content_type": 12, "object_id": "15", "object_repr": "StudentAnswer object (15)", "action_flag": 3, "change_message": ""}}, {"model": "admin.logentry", "pk": 155, "fields": {"action_time": "2019-02-22T00:04:36.798Z", "user": 1, "content_type": 15, "object_id": "9", "object_repr": "HTML", "action_flag": 3, "change_message": ""}}, {"model": "admin.logentry", "pk": 156, "fields": {"action_time": "2019-02-22T00:06:09.213Z", "user": 1, "content_type": 12, "object_id": "17", "object_repr": "StudentAnswer object (17)", "action_flag": 3, "change_message": ""}}, {"model": "admin.logentry", "pk": 157, "fields": {"action_time": "2019-02-22T00:06:34.169Z", "user": 1, "content_type": 12, "object_id": "18", "object_repr": "StudentAnswer object (18)", "action_flag": 3, "change_message": ""}}, {"model": "admin.logentry", "pk": 158, "fields": {"action_time": "2019-02-22T00:07:15.104Z", "user": 1, "content_type": 12, "object_id": "20", "object_repr": "StudentAnswer object (20)", "action_flag": 3, "change_message": ""}}, {"model": "admin.logentry", "pk": 159, "fields": {"action_time": "2019-02-22T00:07:15.301Z", "user": 1, "content_type": 12, "object_id": "19", "object_repr": "StudentAnswer object (19)", "action_flag": 3, "change_message": ""}}, {"model": "admin.logentry", "pk": 160, "fields": {"action_time": "2019-02-22T00:08:38.732Z", "user": 1, "content_type": 15, "object_id": "10", "object_repr": "HTML", "action_flag": 3, "change_message": ""}}, {"model": "admin.logentry", "pk": 161, "fields": {"action_time": "2019-02-22T00:08:51.945Z", "user": 1, "content_type": 12, "object_id": "21", "object_repr": "StudentAnswer object (21)", "action_flag": 3, "change_message": ""}}, {"model": "admin.logentry", "pk": 162, "fields": {"action_time": "2019-02-22T00:09:53.985Z", "user": 1, "content_type": 7, "object_id": "10", "object_repr": "Mozilla", "action_flag": 2, "change_message": "[{\"changed\": {\"fields\": [\"is_correct\"]}}]"}}, {"model": "admin.logentry", "pk": 163, "fields": {"action_time": "2019-02-22T10:11:50.805Z", "user": 1, "content_type": 12, "object_id": "23", "object_repr": "StudentAnswer object (23)", "action_flag": 3, "change_message": ""}}, {"model": "admin.logentry", "pk": 164, "fields": {"action_time": "2019-02-22T10:11:50.953Z", "user": 1, "content_type": 12, "object_id": "22", "object_repr": "StudentAnswer object (22)", "action_flag": 3, "change_message": ""}}, {"model": "admin.logentry", "pk": 165, "fields": {"action_time": "2019-02-22T10:12:23.823Z", "user": 1, "content_type": 15, "object_id": "11", "object_repr": "HTML", "action_flag": 3, "change_message": ""}}, {"model": "admin.logentry", "pk": 166, "fields": {"action_time": "2019-02-22T20:05:57.211Z", "user": 1, "content_type": 4, "object_id": "50", "object_repr": "Abderrahmane00", "action_flag": 1, "change_message": "[{\"added\": {}}]"}}, {"model": "admin.logentry", "pk": 167, "fields": {"action_time": "2019-02-22T20:06:01.609Z", "user": 1, "content_type": 11, "object_id": "50", "object_repr": "Abderrahmane00", "action_flag": 1, "change_message": "[{\"added\": {}}]"}}, {"model": "admin.logentry", "pk": 168, "fields": {"action_time": "2019-02-22T20:07:41.765Z", "user": 1, "content_type": 4, "object_id": "51", "object_repr": "Mustapha", "action_flag": 1, "change_message": "[{\"added\": {}}]"}}, {"model": "admin.logentry", "pk": 169, "fields": {"action_time": "2019-02-22T20:07:49.817Z", "user": 1, "content_type": 11, "object_id": "51", "object_repr": "Mustapha", "action_flag": 1, "change_message": "[{\"added\": {}}]"}}, {"model": "admin.logentry", "pk": 170, "fields": {"action_time": "2019-02-23T19:23:20.502Z", "user": 1, "content_type": 11, "object_id": "56", "object_repr": "kalboza", "action_flag": 2, "change_message": "[{\"changed\": {\"fields\": [\"photo\"]}}]"}}, {"model": "admin.logentry", "pk": 171, "fields": {"action_time": "2019-02-23T22:11:22.926Z", "user": 1, "content_type": 11, "object_id": "97", "object_repr": "aaazzzzzzddddddf", "action_flag": 3, "change_message": ""}}, {"model": "admin.logentry", "pk": 172, "fields": {"action_time": "2019-02-23T22:11:23.075Z", "user": 1, "content_type": 11, "object_id": "96", "object_repr": "pllmmmmmmqqqqqqcbbbbre", "action_flag": 3, "change_message": ""}}, {"model": "admin.logentry", "pk": 173, "fields": {"action_time": "2019-02-23T22:11:23.241Z", "user": 1, "content_type": 11, "object_id": "95", "object_repr": "nnnnnbbbbbvvvvvvv", "action_flag": 3, "change_message": ""}}, {"model": "admin.logentry", "pk": 174, "fields": {"action_time": "2019-02-23T22:11:23.397Z", "user": 1, "content_type": 11, "object_id": "94", "object_repr": "sqkcmqnaamamii", "action_flag": 3, "change_message": ""}}, {"model": "admin.logentry", "pk": 175, "fields": {"action_time": "2019-02-23T22:11:23.530Z", "user": 1, "content_type": 11, "object_id": "93", "object_repr": "ssssssqqqqqqbcapapazrioprfjfjff", "action_flag": 3, "change_message": ""}}, {"model": "admin.logentry", "pk": 176, "fields": {"action_time": "2019-02-23T22:11:23.686Z", "user": 1, "content_type": 11, "object_id": "92", "object_repr": "admizdkapfkqqqnnnnvcxxx", "action_flag": 3, "change_message": ""}}, {"model": "admin.logentry", "pk": 177, "fields": {"action_time": "2019-02-23T22:11:23.841Z", "user": 1, "content_type": 11, "object_id": "91", "object_repr": "adminazzzzeeeeeerrrrhhhdcccc", "action_flag": 3, "change_message": ""}}, {"model": "admin.logentry", "pk": 178, "fields": {"action_time": "2019-02-23T22:11:23.952Z", "user": 1, "content_type": 11, "object_id": "90", "object_repr": "sdddddd", "action_flag": 3, "change_message": ""}}, {"model": "admin.logentry", "pk": 179, "fields": {"action_time": "2019-02-23T22:11:24.108Z", "user": 1, "content_type": 11, "object_id": "89", "object_repr": "xxxxxaaaa", "action_flag": 3, "change_message": ""}}, {"model": "admin.logentry", "pk": 180, "fields": {"action_time": "2019-02-23T22:11:24.264Z", "user": 1, "content_type": 11, "object_id": "88", "object_repr": "adminccccccppmmmmmmmmmmm", "action_flag": 3, "change_message": ""}}, {"model": "admin.logentry", "pk": 181, "fields": {"action_time": "2019-02-23T22:11:24.408Z", "user": 1, "content_type": 11, "object_id": "87", "object_repr": "adminakkskkdkeofossssss", "action_flag": 3, "change_message": ""}}, {"model": "admin.logentry", "pk": 182, "fields": {"action_time": "2019-02-23T22:11:24.552Z", "user": 1, "content_type": 11, "object_id": "86", "object_repr": "scmlqslcmzzzzzllllddd", "action_flag": 3, "change_message": ""}}, {"model": "admin.logentry", "pk": 183, "fields": {"action_time": "2019-02-23T22:11:24.719Z", "user": 1, "content_type": 11, "object_id": "85", "object_repr": "paksdkdxxss", "action_flag": 3, "change_message": ""}}, {"model": "admin.logentry", "pk": 184, "fields": {"action_time": "2019-02-23T22:11:24.875Z", "user": 1, "content_type": 11, "object_id": "84", "object_repr": "fnlJHNBKZADZADDZDZA", "action_flag": 3, "change_message": ""}}, {"model": "admin.logentry", "pk": 185, "fields": {"action_time": "2019-02-23T22:11:25.041Z", "user": 1, "content_type": 11, "object_id": "83", "object_repr": "dplacqslmqq", "action_flag": 3, "change_message": ""}}, {"model": "admin.logentry", "pk": 186, "fields": {"action_time": "2019-02-23T22:11:25.197Z", "user": 1, "content_type": 11, "object_id": "82", "object_repr": "wssdfpllllkkkkk", "action_flag": 3, "change_message": ""}}, {"model": "admin.logentry", "pk": 187, "fields": {"action_time": "2019-02-23T22:11:25.330Z", "user": 1, "content_type": 11, "object_id": "81", "object_repr": "qqqqqqqqqsllllqm", "action_flag": 3, "change_message": ""}}, {"model": "admin.logentry", "pk": 188, "fields": {"action_time": "2019-02-23T22:11:25.497Z", "user": 1, "content_type": 11, "object_id": "80", "object_repr": "llllqqqqqqqqqqqqsssssss", "action_flag": 3, "change_message": ""}}, {"model": "admin.logentry", "pk": 189, "fields": {"action_time": "2019-02-23T22:11:25.641Z", "user": 1, "content_type": 11, "object_id": "79", "object_repr": "qwwwwwwww", "action_flag": 3, "change_message": ""}}, {"model": "admin.logentry", "pk": 190, "fields": {"action_time": "2019-02-23T22:11:25.753Z", "user": 1, "content_type": 11, "object_id": "78", "object_repr": "nnnbbbb", "action_flag": 3, "change_message": ""}}, {"model": "admin.logentry", "pk": 191, "fields": {"action_time": "2019-02-23T22:11:25.897Z", "user": 1, "content_type": 11, "object_id": "77", "object_repr": "mamamama", "action_flag": 3, "change_message": ""}}, {"model": "admin.logentry", "pk": 192, "fields": {"action_time": "2019-02-23T22:11:26.052Z", "user": 1, "content_type": 11, "object_id": "76", "object_repr": "llllmmmmmm", "action_flag": 3, "change_message": ""}}, {"model": "admin.logentry", "pk": 193, "fields": {"action_time": "2019-02-23T22:11:26.219Z", "user": 1, "content_type": 11, "object_id": "75", "object_repr": "aaaaaammmmm", "action_flag": 3, "change_message": ""}}, {"model": "admin.logentry", "pk": 194, "fields": {"action_time": "2019-02-23T22:11:26.363Z", "user": 1, "content_type": 11, "object_id": "74", "object_repr": "pppppppppmmmm", "action_flag": 3, "change_message": ""}}, {"model": "admin.logentry", "pk": 195, "fields": {"action_time": "2019-02-23T22:11:26.519Z", "user": 1, "content_type": 11, "object_id": "73", "object_repr": "ppppppppppoooo", "action_flag": 3, "change_message": ""}}, {"model": "admin.logentry", "pk": 196, "fields": {"action_time": "2019-02-23T22:11:26.675Z", "user": 1, "content_type": 11, "object_id": "72", "object_repr": "7qq777qq7qq", "action_flag": 3, "change_message": ""}}, {"model": "admin.logentry", "pk": 197, "fields": {"action_time": "2019-02-23T22:11:26.830Z", "user": 1, "content_type": 11, "object_id": "69", "object_repr": "adminzlfkapkopfka", "action_flag": 3, "change_message": ""}}, {"model": "admin.logentry", "pk": 198, "fields": {"action_time": "2019-02-23T22:11:26.986Z", "user": 1, "content_type": 11, "object_id": "68", "object_repr": "\u015dclqsdc", "action_flag": 3, "change_message": ""}}, {"model": "admin.logentry", "pk": 199, "fields": {"action_time": "2019-02-23T22:11:27.130Z", "user": 1, "content_type": 11, "object_id": "67", "object_repr": "admin0000", "action_flag": 3, "change_message": ""}}, {"model": "admin.logentry", "pk": 200, "fields": {"action_time": "2019-02-23T22:11:27.274Z", "user": 1, "content_type": 11, "object_id": "66", "object_repr": "admin000", "action_flag": 3, "change_message": ""}}, {"model": "admin.logentry", "pk": 201, "fields": {"action_time": "2019-02-23T22:11:27.419Z", "user": 1, "content_type": 11, "object_id": "65", "object_repr": "khra", "action_flag": 3, "change_message": ""}}, {"model": "admin.logentry", "pk": 202, "fields": {"action_time": "2019-02-23T22:11:27.719Z", "user": 1, "content_type": 11, "object_id": "64", "object_repr": "pppppppppsq", "action_flag": 3, "change_message": ""}}, {"model": "admin.logentry", "pk": 203, "fields": {"action_time": "2019-02-23T22:11:27.903Z", "user": 1, "content_type": 11, "object_id": "63", "object_repr": "mmmmmmm", "action_flag": 3, "change_message": ""}}, {"model": "admin.logentry", "pk": 204, "fields": {"action_time": "2019-02-23T22:11:28.030Z", "user": 1, "content_type": 11, "object_id": "62", "object_repr": "azdk", "action_flag": 3, "change_message": ""}}, {"model": "admin.logentry", "pk": 205, "fields": {"action_time": "2019-02-23T22:11:28.174Z", "user": 1, "content_type": 11, "object_id": "61", "object_repr": "nnnnnnnnnnnnn", "action_flag": 3, "change_message": ""}}, {"model": "admin.logentry", "pk": 206, "fields": {"action_time": "2019-02-23T22:11:28.330Z", "user": 1, "content_type": 11, "object_id": "58", "object_repr": "oppo", "action_flag": 3, "change_message": ""}}, {"model": "admin.logentry", "pk": 207, "fields": {"action_time": "2019-02-23T22:11:28.474Z", "user": 1, "content_type": 11, "object_id": "57", "object_repr": "toz", "action_flag": 3, "change_message": ""}}, {"model": "admin.logentry", "pk": 208, "fields": {"action_time": "2019-02-23T22:11:28.675Z", "user": 1, "content_type": 11, "object_id": "56", "object_repr": "kalboza", "action_flag": 3, "change_message": ""}}, {"model": "admin.logentry", "pk": 209, "fields": {"action_time": "2019-02-23T22:11:28.899Z", "user": 1, "content_type": 11, "object_id": "55", "object_repr": "new_user0000", "action_flag": 3, "change_message": ""}}, {"model": "admin.logentry", "pk": 210, "fields": {"action_time": "2019-02-23T22:11:29.146Z", "user": 1, "content_type": 11, "object_id": "53", "object_repr": "new_user0", "action_flag": 3, "change_message": ""}}, {"model": "admin.logentry", "pk": 211, "fields": {"action_time": "2019-02-23T22:11:29.275Z", "user": 1, "content_type": 11, "object_id": "52", "object_repr": "blabla", "action_flag": 3, "change_message": ""}}, {"model": "admin.logentry", "pk": 212, "fields": {"action_time": "2019-02-23T22:12:14.352Z", "user": 1, "content_type": 4, "object_id": "72", "object_repr": "7qq777qq7qq", "action_flag": 3, "change_message": ""}}, {"model": "admin.logentry", "pk": 213, "fields": {"action_time": "2019-02-23T22:12:14.517Z", "user": 1, "content_type": 4, "object_id": "71", "object_repr": "a7zaz7z8", "action_flag": 3, "change_message": ""}}, {"model": "admin.logentry", "pk": 214, "fields": {"action_time": "2019-02-23T22:12:14.673Z", "user": 1, "content_type": 4, "object_id": "60", "object_repr": "aaaaaaaa", "action_flag": 3, "change_message": ""}}, {"model": "admin.logentry", "pk": 215, "fields": {"action_time": "2019-02-23T22:12:14.839Z", "user": 1, "content_type": 4, "object_id": "75", "object_repr": "aaaaaammmmm", "action_flag": 3, "change_message": ""}}, {"model": "admin.logentry", "pk": 216, "fields": {"action_time": "2019-02-23T22:12:15.006Z", "user": 1, "content_type": 4, "object_id": "97", "object_repr": "aaazzzzzzddddddf", "action_flag": 3, "change_message": ""}}, {"model": "admin.logentry", "pk": 217, "fields": {"action_time": "2019-02-23T22:12:15.173Z", "user": 1, "content_type": 4, "object_id": "66", "object_repr": "admin000", "action_flag": 3, "change_message": ""}}, {"model": "admin.logentry", "pk": 218, "fields": {"action_time": "2019-02-23T22:12:15.317Z", "user": 1, "content_type": 4, "object_id": "67", "object_repr": "admin0000", "action_flag": 3, "change_message": ""}}, {"model": "admin.logentry", "pk": 219, "fields": {"action_time": "2019-02-23T22:12:15.473Z", "user": 1, "content_type": 4, "object_id": "87", "object_repr": "adminakkskkdkeofossssss", "action_flag": 3, "change_message": ""}}, {"model": "admin.logentry", "pk": 220, "fields": {"action_time": "2019-02-23T22:12:15.628Z", "user": 1, "content_type": 4, "object_id": "91", "object_repr": "adminazzzzeeeeeerrrrhhhdcccc", "action_flag": 3, "change_message": ""}}, {"model": "admin.logentry", "pk": 221, "fields": {"action_time": "2019-02-23T22:12:15.812Z", "user": 1, "content_type": 4, "object_id": "88", "object_repr": "adminccccccppmmmmmmmmmmm", "action_flag": 3, "change_message": ""}}, {"model": "admin.logentry", "pk": 222, "fields": {"action_time": "2019-02-23T22:12:15.950Z", "user": 1, "content_type": 4, "object_id": "69", "object_repr": "adminzlfkapkopfka", "action_flag": 3, "change_message": ""}}, {"model": "admin.logentry", "pk": 223, "fields": {"action_time": "2019-02-23T22:12:16.084Z", "user": 1, "content_type": 4, "object_id": "92", "object_repr": "admizdkapfkqqqnnnnvcxxx", "action_flag": 3, "change_message": ""}}, {"model": "admin.logentry", "pk": 224, "fields": {"action_time": "2019-02-23T22:12:16.250Z", "user": 1, "content_type": 4, "object_id": "70", "object_repr": "admzdfoza", "action_flag": 3, "change_message": ""}}, {"model": "admin.logentry", "pk": 225, "fields": {"action_time": "2019-02-23T22:12:16.406Z", "user": 1, "content_type": 4, "object_id": "62", "object_repr": "azdk", "action_flag": 3, "change_message": ""}}, {"model": "admin.logentry", "pk": 226, "fields": {"action_time": "2019-02-23T22:12:16.573Z", "user": 1, "content_type": 4, "object_id": "52", "object_repr": "blabla", "action_flag": 3, "change_message": ""}}, {"model": "admin.logentry", "pk": 227, "fields": {"action_time": "2019-02-23T22:12:16.739Z", "user": 1, "content_type": 4, "object_id": "83", "object_repr": "dplacqslmqq", "action_flag": 3, "change_message": ""}}, {"model": "admin.logentry", "pk": 228, "fields": {"action_time": "2019-02-23T22:12:16.906Z", "user": 1, "content_type": 4, "object_id": "84", "object_repr": "fnlJHNBKZADZADDZDZA", "action_flag": 3, "change_message": ""}}, {"model": "admin.logentry", "pk": 229, "fields": {"action_time": "2019-02-23T22:12:17.061Z", "user": 1, "content_type": 4, "object_id": "56", "object_repr": "kalboza", "action_flag": 3, "change_message": ""}}, {"model": "admin.logentry", "pk": 230, "fields": {"action_time": "2019-02-23T22:12:17.217Z", "user": 1, "content_type": 4, "object_id": "65", "object_repr": "khra", "action_flag": 3, "change_message": ""}}, {"model": "admin.logentry", "pk": 231, "fields": {"action_time": "2019-02-23T22:12:17.373Z", "user": 1, "content_type": 4, "object_id": "76", "object_repr": "llllmmmmmm", "action_flag": 3, "change_message": ""}}, {"model": "admin.logentry", "pk": 232, "fields": {"action_time": "2019-02-23T22:12:17.528Z", "user": 1, "content_type": 4, "object_id": "80", "object_repr": "llllqqqqqqqqqqqqsssssss", "action_flag": 3, "change_message": ""}}, {"model": "admin.logentry", "pk": 233, "fields": {"action_time": "2019-02-23T22:12:17.672Z", "user": 1, "content_type": 4, "object_id": "77", "object_repr": "mamamama", "action_flag": 3, "change_message": ""}}, {"model": "admin.logentry", "pk": 234, "fields": {"action_time": "2019-02-23T22:12:17.795Z", "user": 1, "content_type": 4, "object_id": "63", "object_repr": "mmmmmmm", "action_flag": 3, "change_message": ""}}, {"model": "admin.logentry", "pk": 235, "fields": {"action_time": "2019-02-23T22:12:17.962Z", "user": 1, "content_type": 4, "object_id": "53", "object_repr": "new_user0", "action_flag": 3, "change_message": ""}}, {"model": "admin.logentry", "pk": 236, "fields": {"action_time": "2019-02-23T22:12:18.095Z", "user": 1, "content_type": 4, "object_id": "54", "object_repr": "new_user00", "action_flag": 3, "change_message": ""}}, {"model": "admin.logentry", "pk": 237, "fields": {"action_time": "2019-02-23T22:12:18.261Z", "user": 1, "content_type": 4, "object_id": "55", "object_repr": "new_user0000", "action_flag": 3, "change_message": ""}}, {"model": "admin.logentry", "pk": 238, "fields": {"action_time": "2019-02-23T22:12:18.464Z", "user": 1, "content_type": 4, "object_id": "78", "object_repr": "nnnbbbb", "action_flag": 3, "change_message": ""}}, {"model": "admin.logentry", "pk": 239, "fields": {"action_time": "2019-02-23T22:12:18.629Z", "user": 1, "content_type": 4, "object_id": "95", "object_repr": "nnnnnbbbbbvvvvvvv", "action_flag": 3, "change_message": ""}}, {"model": "admin.logentry", "pk": 240, "fields": {"action_time": "2019-02-23T22:12:18.784Z", "user": 1, "content_type": 4, "object_id": "61", "object_repr": "nnnnnnnnnnnnn", "action_flag": 3, "change_message": ""}}, {"model": "admin.logentry", "pk": 241, "fields": {"action_time": "2019-02-23T22:12:18.950Z", "user": 1, "content_type": 4, "object_id": "58", "object_repr": "oppo", "action_flag": 3, "change_message": ""}}, {"model": "admin.logentry", "pk": 242, "fields": {"action_time": "2019-02-23T22:12:19.157Z", "user": 1, "content_type": 4, "object_id": "85", "object_repr": "paksdkdxxss", "action_flag": 3, "change_message": ""}}, {"model": "admin.logentry", "pk": 243, "fields": {"action_time": "2019-02-23T22:12:19.306Z", "user": 1, "content_type": 4, "object_id": "59", "object_repr": "perrr", "action_flag": 3, "change_message": ""}}, {"model": "admin.logentry", "pk": 244, "fields": {"action_time": "2019-02-23T22:12:19.489Z", "user": 1, "content_type": 4, "object_id": "96", "object_repr": "pllmmmmmmqqqqqqcbbbbre", "action_flag": 3, "change_message": ""}}, {"model": "admin.logentry", "pk": 245, "fields": {"action_time": "2019-02-23T22:12:19.628Z", "user": 1, "content_type": 4, "object_id": "74", "object_repr": "pppppppppmmmm", "action_flag": 3, "change_message": ""}}, {"model": "admin.logentry", "pk": 246, "fields": {"action_time": "2019-02-23T22:12:19.761Z", "user": 1, "content_type": 4, "object_id": "73", "object_repr": "ppppppppppoooo", "action_flag": 3, "change_message": ""}}, {"model": "admin.logentry", "pk": 247, "fields": {"action_time": "2019-02-23T22:12:19.928Z", "user": 1, "content_type": 4, "object_id": "64", "object_repr": "pppppppppsq", "action_flag": 3, "change_message": ""}}, {"model": "admin.logentry", "pk": 248, "fields": {"action_time": "2019-02-23T22:12:20.110Z", "user": 1, "content_type": 4, "object_id": "81", "object_repr": "qqqqqqqqqsllllqm", "action_flag": 3, "change_message": ""}}, {"model": "admin.logentry", "pk": 249, "fields": {"action_time": "2019-02-23T22:12:20.468Z", "user": 1, "content_type": 4, "object_id": "79", "object_repr": "qwwwwwwww", "action_flag": 3, "change_message": ""}}, {"model": "admin.logentry", "pk": 250, "fields": {"action_time": "2019-02-23T22:12:20.628Z", "user": 1, "content_type": 4, "object_id": "86", "object_repr": "scmlqslcmzzzzzllllddd", "action_flag": 3, "change_message": ""}}, {"model": "admin.logentry", "pk": 251, "fields": {"action_time": "2019-02-23T22:12:20.772Z", "user": 1, "content_type": 4, "object_id": "90", "object_repr": "sdddddd", "action_flag": 3, "change_message": ""}}, {"model": "admin.logentry", "pk": 252, "fields": {"action_time": "2019-02-23T22:12:20.917Z", "user": 1, "content_type": 4, "object_id": "94", "object_repr": "sqkcmqnaamamii", "action_flag": 3, "change_message": ""}}, {"model": "admin.logentry", "pk": 253, "fields": {"action_time": "2019-02-23T22:12:21.083Z", "user": 1, "content_type": 4, "object_id": "93", "object_repr": "ssssssqqqqqqbcapapazrioprfjfjff", "action_flag": 3, "change_message": ""}}, {"model": "admin.logentry", "pk": 254, "fields": {"action_time": "2019-02-23T22:12:21.272Z", "user": 1, "content_type": 4, "object_id": "57", "object_repr": "toz", "action_flag": 3, "change_message": ""}}, {"model": "admin.logentry", "pk": 255, "fields": {"action_time": "2019-02-23T22:12:21.463Z", "user": 1, "content_type": 4, "object_id": "82", "object_repr": "wssdfpllllkkkkk", "action_flag": 3, "change_message": ""}}, {"model": "admin.logentry", "pk": 256, "fields": {"action_time": "2019-02-23T22:12:21.617Z", "user": 1, "content_type": 4, "object_id": "89", "object_repr": "xxxxxaaaa", "action_flag": 3, "change_message": ""}}, {"model": "admin.logentry", "pk": 257, "fields": {"action_time": "2019-02-23T22:12:21.795Z", "user": 1, "content_type": 4, "object_id": "68", "object_repr": "\u015dclqsdc", "action_flag": 3, "change_message": ""}}, {"model": "admin.logentry", "pk": 258, "fields": {"action_time": "2019-02-23T22:14:08.667Z", "user": 1, "content_type": 11, "object_id": "51", "object_repr": "Mustapha", "action_flag": 2, "change_message": "[{\"changed\": {\"fields\": [\"photo\"]}}]"}}, {"model": "admin.logentry", "pk": 259, "fields": {"action_time": "2019-02-23T22:14:15.831Z", "user": 1, "content_type": 11, "object_id": "50", "object_repr": "Abderrahmane00", "action_flag": 2, "change_message": "[{\"changed\": {\"fields\": [\"photo\"]}}]"}}, {"model": "admin.logentry", "pk": 260, "fields": {"action_time": "2019-02-23T22:14:28.519Z", "user": 1, "content_type": 11, "object_id": "1", "object_repr": "admin", "action_flag": 2, "change_message": "[{\"changed\": {\"fields\": [\"photo\"]}}]"}}, {"model": "admin.logentry", "pk": 261, "fields": {"action_time": "2019-02-24T09:23:12.570Z", "user": 1, "content_type": 4, "object_id": "51", "object_repr": "Mustapha", "action_flag": 2, "change_message": "[{\"changed\": {\"fields\": [\"email\"]}}]"}}, {"model": "admin.logentry", "pk": 262, "fields": {"action_time": "2019-02-24T09:23:32.839Z", "user": 1, "content_type": 4, "object_id": "50", "object_repr": "Abderrahmane00", "action_flag": 2, "change_message": "[{\"changed\": {\"fields\": [\"email\"]}}]"}}, {"model": "admin.logentry", "pk": 263, "fields": {"action_time": "2019-02-24T11:50:06.586Z", "user": 1, "content_type": 11, "object_id": "109", "object_repr": "awoop", "action_flag": 3, "change_message": ""}}, {"model": "admin.logentry", "pk": 264, "fields": {"action_time": "2019-02-24T11:50:06.724Z", "user": 1, "content_type": 11, "object_id": "108", "object_repr": "woop", "action_flag": 3, "change_message": ""}}, {"model": "admin.logentry", "pk": 265, "fields": {"action_time": "2019-02-24T11:50:06.849Z", "user": 1, "content_type": 11, "object_id": "107", "object_repr": "sooo", "action_flag": 3, "change_message": ""}}, {"model": "admin.logentry", "pk": 266, "fields": {"action_time": "2019-02-24T11:50:07.013Z", "user": 1, "content_type": 11, "object_id": "105", "object_repr": "qoo", "action_flag": 3, "change_message": ""}}, {"model": "admin.logentry", "pk": 267, "fields": {"action_time": "2019-02-24T11:50:07.369Z", "user": 1, "content_type": 11, "object_id": "104", "object_repr": "kioo", "action_flag": 3, "change_message": ""}}, {"model": "admin.logentry", "pk": 268, "fields": {"action_time": "2019-02-24T11:50:07.524Z", "user": 1, "content_type": 11, "object_id": "103", "object_repr": "aoo", "action_flag": 3, "change_message": ""}}, {"model": "admin.logentry", "pk": 269, "fields": {"action_time": "2019-02-24T11:50:07.847Z", "user": 1, "content_type": 11, "object_id": "102", "object_repr": "kooo", "action_flag": 3, "change_message": ""}}, {"model": "admin.logentry", "pk": 270, "fields": {"action_time": "2019-02-24T11:50:08.115Z", "user": 1, "content_type": 11, "object_id": "101", "object_repr": "moo", "action_flag": 3, "change_message": ""}}, {"model": "admin.logentry", "pk": 271, "fields": {"action_time": "2019-02-24T11:50:08.294Z", "user": 1, "content_type": 11, "object_id": "100", "object_repr": "loo", "action_flag": 3, "change_message": ""}}, {"model": "admin.logentry", "pk": 272, "fields": {"action_time": "2019-02-24T11:50:08.446Z", "user": 1, "content_type": 11, "object_id": "99", "object_repr": "toumia", "action_flag": 3, "change_message": ""}}, {"model": "admin.logentry", "pk": 273, "fields": {"action_time": "2019-02-24T11:50:08.618Z", "user": 1, "content_type": 11, "object_id": "98", "object_repr": "toumi", "action_flag": 3, "change_message": ""}}, {"model": "admin.logentry", "pk": 274, "fields": {"action_time": "2019-02-24T11:50:36.262Z", "user": 1, "content_type": 4, "object_id": "103", "object_repr": "aoo", "action_flag": 3, "change_message": ""}}, {"model": "admin.logentry", "pk": 275, "fields": {"action_time": "2019-02-24T11:50:36.390Z", "user": 1, "content_type": 4, "object_id": "109", "object_repr": "awoop", "action_flag": 3, "change_message": ""}}, {"model": "admin.logentry", "pk": 276, "fields": {"action_time": "2019-02-24T11:50:36.523Z", "user": 1, "content_type": 4, "object_id": "106", "object_repr": "joo", "action_flag": 3, "change_message": ""}}, {"model": "admin.logentry", "pk": 277, "fields": {"action_time": "2019-02-24T11:50:36.656Z", "user": 1, "content_type": 4, "object_id": "104", "object_repr": "kioo", "action_flag": 3, "change_message": ""}}, {"model": "admin.logentry", "pk": 278, "fields": {"action_time": "2019-02-24T11:50:36.823Z", "user": 1, "content_type": 4, "object_id": "102", "object_repr": "kooo", "action_flag": 3, "change_message": ""}}, {"model": "admin.logentry", "pk": 279, "fields": {"action_time": "2019-02-24T11:50:36.934Z", "user": 1, "content_type": 4, "object_id": "100", "object_repr": "loo", "action_flag": 3, "change_message": ""}}, {"model": "admin.logentry", "pk": 280, "fields": {"action_time": "2019-02-24T11:50:37.056Z", "user": 1, "content_type": 4, "object_id": "101", "object_repr": "moo", "action_flag": 3, "change_message": ""}}, {"model": "admin.logentry", "pk": 281, "fields": {"action_time": "2019-02-24T11:50:37.212Z", "user": 1, "content_type": 4, "object_id": "105", "object_repr": "qoo", "action_flag": 3, "change_message": ""}}, {"model": "admin.logentry", "pk": 282, "fields": {"action_time": "2019-02-24T11:50:37.368Z", "user": 1, "content_type": 4, "object_id": "107", "object_repr": "sooo", "action_flag": 3, "change_message": ""}}, {"model": "admin.logentry", "pk": 283, "fields": {"action_time": "2019-02-24T11:50:37.534Z", "user": 1, "content_type": 4, "object_id": "98", "object_repr": "toumi", "action_flag": 3, "change_message": ""}}, {"model": "admin.logentry", "pk": 284, "fields": {"action_time": "2019-02-24T11:50:37.847Z", "user": 1, "content_type": 4, "object_id": "99", "object_repr": "toumia", "action_flag": 3, "change_message": ""}}, {"model": "admin.logentry", "pk": 285, "fields": {"action_time": "2019-02-24T11:50:38.335Z", "user": 1, "content_type": 4, "object_id": "108", "object_repr": "woop", "action_flag": 3, "change_message": ""}}, {"model": "admin.logentry", "pk": 286, "fields": {"action_time": "2019-02-24T12:33:21.254Z", "user": 1, "content_type": 10, "object_id": "2", "object_repr": "C++", "action_flag": 3, "change_message": ""}}, {"model": "admin.logentry", "pk": 287, "fields": {"action_time": "2019-02-24T12:33:21.420Z", "user": 1, "content_type": 10, "object_id": "1", "object_repr": "HTML", "action_flag": 3, "change_message": ""}}, {"model": "admin.logentry", "pk": 288, "fields": {"action_time": "2019-02-24T13:03:22.886Z", "user": 1, "content_type": 10, "object_id": "1", "object_repr": "HTML", "action_flag": 1, "change_message": "[{\"added\": {}}]"}}, {"model": "admin.logentry", "pk": 289, "fields": {"action_time": "2019-02-24T13:03:45.086Z", "user": 1, "content_type": 38, "object_id": "1", "object_repr": "Stage object (1)", "action_flag": 1, "change_message": "[{\"added\": {}}]"}}, {"model": "admin.logentry", "pk": 290, "fields": {"action_time": "2019-02-24T13:16:48.068Z", "user": 1, "content_type": 9, "object_id": "1", "object_repr": "Who is making the Web Standards?", "action_flag": 1, "change_message": "[{\"added\": {}}]"}}, {"model": "admin.logentry", "pk": 291, "fields": {"action_time": "2019-02-24T13:23:47.374Z", "user": 1, "content_type": 7, "object_id": "13", "object_repr": "true", "action_flag": 1, "change_message": "[{\"added\": {}}]"}}, {"model": "admin.logentry", "pk": 292, "fields": {"action_time": "2019-02-24T13:23:58.218Z", "user": 1, "content_type": 7, "object_id": "14", "object_repr": "FALSE", "action_flag": 1, "change_message": "[{\"added\": {}}]"}}, {"model": "admin.logentry", "pk": 293, "fields": {"action_time": "2019-02-24T13:24:04.139Z", "user": 1, "content_type": 7, "object_id": "13", "object_repr": "true", "action_flag": 2, "change_message": "[]"}}, {"model": "admin.logentry", "pk": 294, "fields": {"action_time": "2019-02-24T22:36:55.160Z", "user": 1, "content_type": 12, "object_id": "1", "object_repr": "StudentAnswer object (1)", "action_flag": 3, "change_message": ""}}, {"model": "admin.logentry", "pk": 295, "fields": {"action_time": "2019-02-24T22:37:42.065Z", "user": 1, "content_type": 39, "object_id": "1", "object_repr": "LastStudentAnswer object (1)", "action_flag": 3, "change_message": ""}}, {"model": "admin.logentry", "pk": 296, "fields": {"action_time": "2019-02-25T12:05:16.180Z", "user": 1, "content_type": 13, "object_id": "5", "object_repr": "oiuyo_u\u00e7ou", "action_flag": 1, "change_message": "[{\"added\": {}}]"}}, {"model": "admin.logentry", "pk": 297, "fields": {"action_time": "2019-02-25T23:02:00.138Z", "user": 1, "content_type": 40, "object_id": "1", "object_repr": "1", "action_flag": 1, "change_message": "[{\"added\": {}}]"}}, {"model": "admin.logentry", "pk": 298, "fields": {"action_time": "2019-02-25T23:02:16.200Z", "user": 1, "content_type": 40, "object_id": "2", "object_repr": "2", "action_flag": 1, "change_message": "[{\"added\": {}}]"}}, {"model": "admin.logentry", "pk": 299, "fields": {"action_time": "2019-02-25T23:02:34.007Z", "user": 1, "content_type": 40, "object_id": "3", "object_repr": "3", "action_flag": 1, "change_message": "[{\"added\": {}}]"}}, {"model": "admin.logentry", "pk": 300, "fields": {"action_time": "2019-02-25T23:02:51.712Z", "user": 1, "content_type": 40, "object_id": "4", "object_repr": "4", "action_flag": 1, "change_message": "[{\"added\": {}}]"}}, {"model": "admin.logentry", "pk": 301, "fields": {"action_time": "2019-02-25T23:03:04.667Z", "user": 1, "content_type": 40, "object_id": "5", "object_repr": "5", "action_flag": 1, "change_message": "[{\"added\": {}}]"}}, {"model": "admin.logentry", "pk": 302, "fields": {"action_time": "2019-02-25T23:17:23.266Z", "user": 1, "content_type": 38, "object_id": "1", "object_repr": "HTML - 1", "action_flag": 2, "change_message": "[{\"changed\": {\"fields\": [\"level\", \"approved\", \"verified\"]}}]"}}, {"model": "admin.logentry", "pk": 303, "fields": {"action_time": "2019-02-26T09:41:34.783Z", "user": 1, "content_type": 8, "object_id": "1", "object_repr": "Badge object (1)", "action_flag": 1, "change_message": "[{\"added\": {}}]"}}, {"model": "admin.logentry", "pk": 304, "fields": {"action_time": "2019-02-26T12:19:58.491Z", "user": 1, "content_type": 36, "object_id": "1", "object_repr": "HTML - 1", "action_flag": 2, "change_message": "[]"}}, {"model": "admin.logentry", "pk": 305, "fields": {"action_time": "2019-02-26T12:48:36.566Z", "user": 1, "content_type": 36, "object_id": "1", "object_repr": "HTML - 1", "action_flag": 3, "change_message": ""}}, {"model": "admin.logentry", "pk": 306, "fields": {"action_time": "2019-02-26T14:03:07.464Z", "user": 1, "content_type": 10, "object_id": "2", "object_repr": "C++", "action_flag": 1, "change_message": "[{\"added\": {}}]"}}, {"model": "admin.logentry", "pk": 307, "fields": {"action_time": "2019-02-26T14:03:18.006Z", "user": 1, "content_type": 10, "object_id": "1", "object_repr": "HTML", "action_flag": 2, "change_message": "[{\"changed\": {\"fields\": [\"approved\", \"verified\"]}}]"}}, {"model": "admin.logentry", "pk": 308, "fields": {"action_time": "2019-02-26T14:03:43.830Z", "user": 1, "content_type": 38, "object_id": "1", "object_repr": "HTML - 1", "action_flag": 2, "change_message": "[]"}}, {"model": "admin.logentry", "pk": 309, "fields": {"action_time": "2019-02-26T14:04:03.249Z", "user": 1, "content_type": 38, "object_id": "2", "object_repr": "HTML - 2", "action_flag": 1, "change_message": "[{\"added\": {}}]"}}, {"model": "admin.logentry", "pk": 310, "fields": {"action_time": "2019-02-26T14:04:23.179Z", "user": 1, "content_type": 38, "object_id": "3", "object_repr": "HTML - 3", "action_flag": 1, "change_message": "[{\"added\": {}}]"}}, {"model": "admin.logentry", "pk": 311, "fields": {"action_time": "2019-02-26T14:07:36.163Z", "user": 1, "content_type": 9, "object_id": "1", "object_repr": "Who is making the Web Standards?", "action_flag": 2, "change_message": "[{\"changed\": {\"fields\": [\"approved\", \"verified\"]}}]"}}, {"model": "admin.logentry", "pk": 312, "fields": {"action_time": "2019-02-26T14:08:47.851Z", "user": 1, "content_type": 38, "object_id": "4", "object_repr": "C++ - 1", "action_flag": 1, "change_message": "[{\"added\": {}}]"}}, {"model": "admin.logentry", "pk": 313, "fields": {"action_time": "2019-02-26T14:08:59.815Z", "user": 1, "content_type": 38, "object_id": "5", "object_repr": "C++ - 2", "action_flag": 1, "change_message": "[{\"added\": {}}]"}}, {"model": "admin.logentry", "pk": 314, "fields": {"action_time": "2019-02-26T14:09:18.323Z", "user": 1, "content_type": 38, "object_id": "6", "object_repr": "C++ -3", "action_flag": 1, "change_message": "[{\"added\": {}}]"}}, {"model": "admin.logentry", "pk": 315, "fields": {"action_time": "2019-02-26T14:10:44.878Z", "user": 1, "content_type": 9, "object_id": "2", "object_repr": "C++ does not supports the following", "action_flag": 1, "change_message": "[{\"added\": {}}]"}}, {"model": "admin.logentry", "pk": 316, "fields": {"action_time": "2019-02-26T14:11:27.333Z", "user": 1, "content_type": 7, "object_id": "15", "object_repr": "Multilevel inheritance", "action_flag": 1, "change_message": "[{\"added\": {}}]"}}, {"model": "admin.logentry", "pk": 317, "fields": {"action_time": "2019-02-26T14:11:46.419Z", "user": 1, "content_type": 7, "object_id": "16", "object_repr": "Hierarchical inheritance", "action_flag": 1, "change_message": "[{\"added\": {}}]"}}, {"model": "admin.logentry", "pk": 318, "fields": {"action_time": "2019-02-26T14:12:06.649Z", "user": 1, "content_type": 7, "object_id": "17", "object_repr": "Hybrid inheritance", "action_flag": 1, "change_message": "[{\"added\": {}}]"}}, {"model": "admin.logentry", "pk": 319, "fields": {"action_time": "2019-02-26T14:12:20.334Z", "user": 1, "content_type": 7, "object_id": "18", "object_repr": "None of the above", "action_flag": 1, "change_message": "[{\"added\": {}}]"}}, {"model": "admin.logentry", "pk": 320, "fields": {"action_time": "2019-02-26T14:25:53.162Z", "user": 1, "content_type": 15, "object_id": "7", "object_repr": "C++", "action_flag": 3, "change_message": ""}}, {"model": "admin.logentry", "pk": 321, "fields": {"action_time": "2019-02-26T14:25:53.322Z", "user": 1, "content_type": 15, "object_id": "6", "object_repr": "HTML", "action_flag": 3, "change_message": ""}}, {"model": "admin.logentry", "pk": 322, "fields": {"action_time": "2019-02-26T14:25:53.467Z", "user": 1, "content_type": 15, "object_id": "5", "object_repr": "HTML", "action_flag": 3, "change_message": ""}}, {"model": "admin.logentry", "pk": 323, "fields": {"action_time": "2019-02-26T14:25:53.623Z", "user": 1, "content_type": 15, "object_id": "4", "object_repr": "HTML", "action_flag": 3, "change_message": ""}}, {"model": "admin.logentry", "pk": 324, "fields": {"action_time": "2019-02-26T14:25:53.778Z", "user": 1, "content_type": 15, "object_id": "3", "object_repr": "HTML", "action_flag": 3, "change_message": ""}}, {"model": "admin.logentry", "pk": 325, "fields": {"action_time": "2019-02-26T14:25:53.966Z", "user": 1, "content_type": 15, "object_id": "2", "object_repr": "HTML", "action_flag": 3, "change_message": ""}}, {"model": "admin.logentry", "pk": 326, "fields": {"action_time": "2019-02-26T14:25:54.100Z", "user": 1, "content_type": 15, "object_id": "1", "object_repr": "HTML", "action_flag": 3, "change_message": ""}}, {"model": "course.course", "pk": 1, "fields": {"owner": 1, "subject": 1, "title": "The Ancient World: Rome", "slug": "history-course-ancient-word-rom", "overview": "History of Rome from its humble beginnings to the 5th century A.D. First half: Kingship to Republican form; the conquest of Italy; Roman expansion: Pyrrhus, Punic Wars and provinces; classes, courts, and the Roman revolution; Augustus and the formation of empire. Second half: Virgil to the Vandals; major social, economic, political and religious trends at Rome and in the provinces. Emphasis on use of primary sources in translation.", "created": "2019-02-15T10:39:24.464Z", "photo": "courses_photos/Screenshot_from_2019-01-31_16-35-59.png", "approved": true, "verified": false, "students": []}}, {"model": "course.course", "pk": 2, "fields": {"owner": 1, "subject": 1, "title": "algerian history", "slug": "algerian-history", "overview": "Much of the history of Algeria has taken place on the fertile coastal plain of North Africa, which is often called the Maghreb (or Maghrib). North Africa served as a transit region for people moving towards Europe or the Middle East, thus, the region's inhabitants have been influenced by populations from other areas, including the Carthaginians, Romans, and Vandals. The region was conquered by the Muslims in the early 8th century AD, but broke off from the Umayyad Caliphate after the Berber Revolt of 740. Later, various Berbers, Arabs, Persian Muslim states, Sunni, Shia or Ibadi communities were established that ruled parts of modern-day of Algeria: including the Rustamids, Ifranids, Fatimids, Maghrawas, Zirids, Hammadids, Almoravid, Almohads, Hafsids, and Ziyyanids. During the Ottoman period, Algiers was the center of the Barbary slave trade which led to many naval conflicts. The last significant events in the country's recent history have been the Algerian War and Algerian Civil War.", "created": "2019-02-15T10:22:22.237Z", "photo": "courses_photos/Screenshot_from_2019-02-05_15-58-32.png", "approved": true, "verified": false, "students": []}}, {"model": "course.contentnote", "pk": 9, "fields": {"user": 1, "module": 2, "content": 1, "note": "i learned alot from this course"}}, {"model": "course.contentnote", "pk": 10, "fields": {"user": 1, "module": 2, "content": 1, "note": "i learn alot from this course"}}, {"model": "course.contentnote", "pk": 11, "fields": {"user": 1, "module": 2, "content": 1, "note": "i learn alot from this course"}}, {"model": "course.contentnote", "pk": 12, "fields": {"user": 1, "module": 2, "content": 1, "note": "i learn alot from this course"}}, {"model": "course.contentnote", "pk": 13, "fields": {"user": 1, "module": 2, "content": 1, "note": "i learn alot from this course"}}, {"model": "course.contentnote", "pk": 14, "fields": {"user": 1, "module": 2, "content": 1, "note": "i learn alot from this course"}}, {"model": "course.contentnote", "pk": 16, "fields": {"user": 1, "module": 2, "content": 1, "note": "kcnioqafhioahfoa"}}, {"model": "course.contentnote", "pk": 17, "fields": {"user": 1, "module": 2, "content": 1, "note": "lklkmlk\u00f9mpk"}}]
